"","ID","Region","Name","Party","Date","Venue","Foundation","Reference","Coverage"
"4",1456,"Iraq","Abercrombie",1,"10/9/2002","House","Ingroup",2,0.0189
"8",1788,"Iran","Ackerman",1,"9/28/2006","House","Ingroup",2,0.0284
"11",1874,"North Korea","Ackerman",1,"11/15/2006","House Hearings","Ingroup",1,0.0287
"12",1386,"Iran","Ackerman",1,"3/6/2007","House Hearings","Ingroup",2,0.0187
"17",1771,"Iran","Ackerman",1,"9/26/2008","House","Ingroup",2,0.0344
"24",944,"Iran","Ackerman",1,"7/27/2011","House Hearings","Ingroup",3,0.0253
"27",904,"Iran","Ackerman",1,"10/14/2011","House Hearings","Ingroup",1,0.0104
"30",978,"North Korea","Ackerman",1,"10/13/1999","House Hearings","Ingroup",1,0.0043
"38",1995,"Afghanistan","AllenME",1,"6/26/2002","Senate Hearings","Ingroup",2,0.0271
"41",1337,"Iraq","AllenME",1,"10/10/2002","House","Ingroup",2,0.038
"47",460,"Iran","Andrews",1,"3/3/2004","House","Ingroup",8,0.0121
"52",691,"Iran","Andrews",1,"6/8/2005","House","Ingroup",3,0.0085
"54",541,"Sudan","Andrews",1,"4/5/2006","House","Ingroup",3,0.0601
"57",459,"Iran","Andrews",1,"2/8/2007","House","Ingroup",1,0.0126
"60",1057,"Libya","Andrews",1,"6/24/2011","House","Ingroup",1,0.0325
"64",461,"Iran","Andrews",1,"11/11/2011","House","Ingroup",12,0.0405
"68",1622,"Afghanistan","Baca",1,"9/14/2001","House","Ingroup",1,0.0424
"78",1339,"Iraq","Baldacci",1,"10/10/2002","House","Ingroup",1,0.0136
"82",1754,"Afghanistan","Baldwin",1,"9/14/2001","House","Ingroup",1,0.0393
"86",741,"Iraq","Baldwin",1,"3/6/2003","House","Ingroup",2,0.0486
"88",482,"Iraq","Baucus",1,"10/10/2002","Senate","Ingroup",1,0.0296
"92",369,"Iraq","Bayh",1,"10/8/2002","Senate","Ingroup",1,0.0036
"94",1624,"Afghanistan","Becerra",1,"9/14/2001","House","Ingroup",2,0.1116
"97",1459,"Iraq","Becerra",1,"10/9/2002","House","Ingroup",1,0.01
"105",1593,"Afghanistan","Berkley",1,"9/14/2001","House","Ingroup",1,0.0433
"121",1377,"Iran","Berman",1,"3/15/2007","House Hearings","Ingroup",2,0.0081
"124",1142,"Iran","Berman",1,"7/9/2008","House Hearings","Ingroup",8,0.0283
"126",1768,"Iran","Berman",1,"9/26/2008","House","Ingroup",1,0.0101
"130",1944,"Russia","Berman",1,"11/9/2008","House Hearings","Ingroup",6,0.013
"135",1141,"Libya","Berman",1,"3/31/2011","House Hearings","Ingroup",2,0.0126
"140",997,"Libya","Berman",1,"6/3/2011","House","Ingroup",2,0.0088
"144",1067,"Libya","Berman",1,"6/24/2011","House","Ingroup",1,0.0107
"148",1965,"Russia","Berman",1,"7/7/2011","House Hearings","Ingroup",1,0.0084
"152",13,"Iran","Berman",1,"10/14/2011","House Hearings","Ingroup",2,0.0151
"157",1913,"Russia","Berman",1,"10/6/1999","House Hearings","Ingroup",3,0.0389
"165",2162,"Iraq","Biden",1,"3/22/2000","Senate Hearings","Ingroup",3,0.0137
"169",56,"North Korea","Biden",1,"3/7/2001","Senate","Ingroup",6,0.0176
"173",2292,"North Korea","Biden",1,"5/23/2001","Senate Hearings","Ingroup",2,0.0143
"177",12,"Afghanistan","Biden",1,"10/3/2001","Senate","Ingroup",1,0.0035
"182",1985,"Afghanistan","Biden",1,"12/6/2001","Senate Hearings","Ingroup",10,0.015
"187",1997,"Afghanistan","Biden",1,"6/26/2002","Senate Hearings","Ingroup",4,0.0146
"191",2182,"Iraq","Biden",1,"7/31/2002","Senate Hearings","Ingroup",21,0.0117
"200",405,"Iraq","Biden",1,"10/10/2002","Senate","Ingroup",1,0.0013
"203",10,"Iraq","Biden",1,"1/17/2003","Senate","Ingroup",1,0.0198
"204",9,"North Korea","Biden",1,"1/17/2003","Senate","Ingroup",2,0.0275
"208",11,"Iraq","Biden",1,"1/28/2003","Senate","Ingroup",2,0.0061
"213",2341,"North Korea","Biden",1,"2/4/2003","Senate Hearings","Ingroup",4,0.0096
"218",8,"North Korea","Biden",1,"2/6/2003","Senate","Ingroup",1,0.0026
"223",2392,"North Korea","Biden",1,"3/6/2003","Senate Hearings","Ingroup",1,0.0022
"227",2032,"Iran","Biden",1,"10/28/2003","Senate Hearings","Ingroup",1,0.0029
"231",2006,"Syria","Biden",1,"10/30/2003","Senate Hearings","Ingroup",1,0.0024
"237",19,"Russia","Biden",1,"6/17/2004","Senate","Ingroup",1,0.0069
"241",2357,"North Korea","Biden",1,"7/15/2004","Senate Hearings","Ingroup",3,0.0112
"244",18,"Iran","Biden",1,"7/22/2004","Senate","Ingroup",1,0.0087
"249",2469,"Sudan","Biden",1,"9/9/2004","Senate Hearings","Ingroup",2,0.0095
"253",2017,"Iran","Biden",1,"3/2/2006","Senate Hearings","Ingroup",1,0.008
"261",2408,"Sudan","Biden",1,"4/11/2007","Senate Hearings","Ingroup",6,0.0168
"267",2294,"Russia","Biden",1,"6/21/2007","Senate Hearings","Ingroup",4,0.0193
"271",2433,"Sudan","Biden",1,"4/23/2008","Senate Hearings","Ingroup",5,0.0115
"276",2044,"Iran","Biden",1,"7/9/2008","Senate Hearings","Ingroup",7,0.0212
"280",58,"North Korea","Biden",1,"9/22/2008","Senate","Ingroup",2,0.0243
"283",188,"Iraq","Biden",1,"2/12/1998","Senate","Ingroup",2,0.0087
"287",55,"Kosovo","Biden",1,"3/6/1998","Senate","Ingroup",1,0.0166
"291",2148,"Kosovo","Biden",1,"5/6/1998","Senate Hearings","Ingroup",6,0.0201
"295",334,"Iran","Biden",1,"5/22/1998","Senate","Ingroup",5,0.0135
"300",54,"Kosovo","Biden",1,"6/17/1998","Senate","Ingroup",6,0.0236
"304",2155,"Kosovo","Biden",1,"6/24/1998","Senate Hearings","Ingroup",1,0.0054
"308",57,"Kosovo","Biden",1,"10/14/1998","Senate","Ingroup",5,0.0192
"312",247,"Kosovo","Biden",1,"3/22/1999","Senate","Ingroup",8,0.0111
"316",289,"Kosovo","Biden",1,"3/23/1999","Senate","Ingroup",1,0.0051
"319",413,"Iraq","Bingaman",1,"10/10/2002","Senate","Ingroup",1,0.0113
"327",1327,"Iraq","Blumenauer",1,"10/10/2002","House","Ingroup",1,0.0404
"332",1893,"Sudan","Blumenauer",1,"6/22/2005","House Hearings","Ingroup",1,0.0525
"333",566,"Sudan","Blumenauer",1,"12/8/2005","House","Ingroup",1,0.0602
"336",1830,"Sudan","Blumenauer",1,"5/18/2006","House Hearings","Ingroup",3,0.1086
"341",1112,"Kosovo","Bonior",1,"3/17/1998","House","Ingroup",2,0.0546
"344",1719,"Afghanistan","Bonior",1,"9/14/2001","House","Ingroup",2,0.0782
"349",1609,"North Korea","Bordallo",1,"9/29/2006","House","Ingroup",3,0.0655
"356",1226,"Iraq","Borski",1,"10/9/2002","House","Ingroup",3,0.0317
"360",1465,"Iraq","Boswell",1,"10/9/2002","House","Ingroup",4,0.0397
"367",1998,"Afghanistan","Boxer",1,"6/26/2002","Senate Hearings","Ingroup",4,0.0417
"371",427,"Iraq","Boxer",1,"10/10/2002","Senate","Ingroup",2,0.0198
"374",2008,"Syria","Boxer",1,"10/30/2003","Senate Hearings","Ingroup",1,0.0121
"377",344,"Syria","Boxer",1,"11/11/2003","Senate","Ingroup",2,0.0172
"380",25,"Iran","Boxer",1,"3/11/2004","Senate","Ingroup",1,0.033
"384",2233,"Syria","Boxer",1,"11/9/2011","House Hearings","Ingroup",1,0.0114
"385",24,"Iran","Boxer",1,"7/7/1998","Senate","Ingroup",1,0.0235
"389",1616,"Afghanistan","BrownFL",1,"9/14/2001","House","Ingroup",1,0.0819
"393",1228,"Iraq","BrownFL",1,"10/9/2002","House","Ingroup",3,0.0186
"402",570,"Iraq","BrownOH",1,"2/27/2003","House","Ingroup",1,0.0195
"405",571,"Iraq","BrownOH",1,"3/11/2003","House","Ingroup",2,0.0246
"413",44,"Iraq","Byrd",1,"9/20/2002","Senate","Ingroup",2,0.0093
"417",45,"Iraq","Byrd",1,"9/26/2002","Senate","Ingroup",3,0.0147
"420",355,"Iraq","Byrd",1,"10/7/2002","Senate","Ingroup",1,0.0052
"424",371,"Iraq","Byrd",1,"10/8/2002","Senate","Ingroup",2,0.0063
"429",406,"Iraq","Byrd",1,"10/10/2002","Senate","Ingroup",5,0.0044
"433",41,"Iraq","Byrd",1,"1/29/2003","Senate","Ingroup",3,0.0154
"440",64,"Kosovo","Byrd",1,"10/14/1998","Senate","Ingroup",2,0.0094
"445",1595,"Afghanistan","Capps",1,"9/14/2001","House","Ingroup",1,0.0896
"450",847,"Sudan","Capuano",1,"7/21/2004","House","Ingroup",1,0.0282
"455",1015,"Libya","Capuano",1,"6/3/2011","House","Ingroup",1,0.0301
"458",1700,"Afghanistan","Cardin",1,"9/14/2001","House","Ingroup",2,0.0535
"470",2441,"Sudan","Cardin",1,"4/23/2008","Senate Hearings","Ingroup",2,0.028
"475",2080,"Iran","Cardin",1,"6/22/2010","Senate Hearings","Ingroup",3,0.0504
"477",2221,"Libya","Cardin",1,"3/31/2011","Senate Hearings","Ingroup",2,0.0306
"482",46,"Russia","Cardin",1,"2/16/2012","Senate","Ingroup",3,0.0167
"488",2242,"Syria","Cardin",1,"3/1/2012","House Hearings","Ingroup",1,0.024
"491",2254,"Syria","Cardin",1,"4/19/2012","House Hearings","Ingroup",1,0.0119
"494",2116,"Iran","Cardin",1,"7/25/2012","Senate Hearings","Ingroup",1,0.0152
"496",1389,"Iran","CarnahanR",1,"3/6/2007","House Hearings","Ingroup",1,0.036
"500",472,"Iraq ","Carper",1,"10/10/2002","Senate","Ingroup",6,0.0234
"503",1232,"Iraq","Carson",1,"10/9/2002","House","Ingroup",2,0.0148
"505",2053,"Iran","Casey",1,"3/29/2007","Senate Hearings","Ingroup",1,0.0186
"509",2305,"Russia","Casey",1,"9/17/2008","Senate Hearings","Ingroup",2,0.016
"510",2125,"Iran","Casey",1,"3/3/2009","Senate Hearings","Ingroup",1,0.0156
"518",2071,"Iran","Casey",1,"5/11/2011","Senate Hearings","Ingroup",6,0.0169
"524",2235,"Syria","Casey",1,"11/9/2011","House Hearings","Ingroup",6,0.0235
"529",2243,"Syria","Casey",1,"3/1/2012","House Hearings","Ingroup",2,0.0426
"532",2117,"Iran","Casey",1,"7/25/2012","Senate Hearings","Ingroup",8,0.0421
"544",869,"Sudan","Christensen",1,"7/30/2007","House","Ingroup",1,0.0266
"547",1149,"Libya","Cicilline",1,"3/31/2011","House Hearings","Ingroup",1,0.0178
"549",959,"Syria","Cicilline",1,"3/20/2013","House Hearings","Ingroup",1,0.0411
"552",1730,"Afghanistan","Clayton",1,"9/14/2001","House","Ingroup",1,0.0254
"556",357,"Iraq","Cleland",1,"10/7/2002","Senate","Ingroup",3,0.0203
"559",51,"Iraq","Cleland",1,"3/17/1998","Senate","Ingroup",4,0.0127
"562",1715,"Afghanistan","Clement",1,"9/14/2001","House","Ingroup",2,0.0948
"566",66,"Sudan","Clinton",1,"5/25/2006","Senate","Ingroup",4,0.0132
"573",464,"Iraq","Clinton",1,"10/10/2002","Senate","Ingroup",1,0.0041
"575",1408,"Iraq","Clyburn",1,"10/10/2002","House","Ingroup",1,0.0317
"580",1970,"Russia","Cohen",1,"7/7/2011","House Hearings","Ingroup",1,0.0052
"584",909,"Iran","Cohen",1,"10/14/2011","House Hearings","Ingroup",2,0.0116
"587",478,"Iraq","Conrad",1,"10/10/2002","Senate","Ingroup",1,0.0049
"591",2391,"Iraq","Conyers",1,"3/23/2000","House Hearings","Ingroup",3,0.0156
"596",1758,"Afghanistan","Conyers",1,"9/14/2001","House","Ingroup",6,0.0456
"600",834,"Sudan","Conyers",1,"7/21/2004","House","Ingroup",4,0.074
"604",2306,"Russia","Corker",1,"9/17/2008","Senate Hearings","Ingroup",1,0.0132
"608",2453,"Sudan","Corker",1,"7/30/2009","Senate Hearings","Ingroup",1,0.012
"616",2211,"Libya","Corker",1,"6/28/2011","Senate Hearings","Ingroup",1,0.006
"619",2244,"Syria","Corker",1,"3/1/2012","House Hearings","Ingroup",1,0.0322
"621",2255,"Syria","Corker",1,"4/19/2012","House Hearings","Ingroup",3,0.0717
"626",497,"Syria","Corker",1,"9/9/2013","Senate","Ingroup",5,0.028
"627",1895,"Sudan","Crowley",1,"6/22/2005","House Hearings","Ingroup",1,0.056
"631",529,"Iraq","Corzine",1,"10/9/2002","Senate","Ingroup",1,0.0049
"640",72,"Sudan","Corzine",1,"5/6/2004","Senate","Ingroup",1,0.0145
"645",70,"Sudan","Corzine",1,"7/22/2004","Senate","Ingroup",4,0.0336
"647",2465,"Sudan","Corzine",1,"9/9/2004","Senate Hearings","Ingroup",1,0.0064
"650",73,"Sudan","Corzine",1,"5/10/2005","Senate","Ingroup",2,0.0203
"652",71,"Sudan","Corzine",1,"6/20/2005","Senate","Ingroup",2,0.0592
"653",1743,"Afghanistan","Costello",1,"9/14/2001","House","Ingroup",1,0.0499
"655",1233,"Iraq","Costello",1,"10/9/2002","House","Ingroup",5,0.0783
"657",1195,"Russia","Crowley",1,"9/27/2000","House Hearings","Ingroup",1,0.0458
"658",1815,"Russia","Crowley",1,"9/27/2000","House Hearings","Ingroup",1,0.0458
"661",1662,"Afghanistan","Crowley",1,"9/14/2001","House","Ingroup",1,0.0153
"665",716,"Iran","Crowley",1,"4/26/2006","House","Ingroup",2,0.045
"674",1475,"Iraq","Cummings",1,"10/9/2002","House","Ingroup",1,0.0141
"678",823,"Sudan","Cummings",1,"5/13/2004","House","Ingroup",3,0.0281
"685",74,"0","Daschle",1,"9/14/2001","Senate","Ingroup",5,0.0653
"690",410,"Iraq","Daschle",1,"10/10/2002","Senate","Ingroup",1,0.0043
"693",340,"Syria","Daschle",1,"11/11/2003","Senate","Ingroup",1,0.0086
"697",187,"Iraq","Daschle",1,"2/12/1998","Senate","Ingroup",2,0.0175
"703",1713,"Afghanistan","DavisCA",1,"9/14/2001","House","Ingroup",1,0.0674
"705",1568,"Afghanistan","DavisFL",1,"9/14/2001","House","Ingroup",1,0.0456
"706",1701,"Afghanistan","DavisIL",1,"9/14/2001","House","Ingroup",1,0.0582
"714",411,"Iraq","Dayton",1,"10/10/2002","Senate","Ingroup",1,0.007
"717",78,"Iraq","Dayton",1,"2/13/2003","Senate","Ingroup",2,0.0132
"725",588,"Iraq","DeFazio",1,"9/10/2002","House","Ingroup",1,0.0115
"731",589,"Iraq","DeFazio",1,"9/25/2002","House","Ingroup",1,0.0141
"740",1477,"Iraq","Delahunt",1,"10/9/2002","House","Ingroup",2,0.0084
"743",1896,"Sudan","Delahunt",1,"6/22/2005","House Hearings","Ingroup",2,0.2428
"744",1831,"Sudan","Delahunt",1,"5/18/2006","House Hearings","Ingroup",1,0.056
"746",1880,"North Korea","Delahunt",1,"11/15/2006","House Hearings","Ingroup",2,0.0309
"750",1946,"Russia","Delahunt",1,"11/9/2008","House Hearings","Ingroup",6,0.0319
"755",1684,"Afghanistan","Delauro",1,"9/14/2001","House","Ingroup",2,0.0954
"758",1152,"Libya","Deutch",1,"3/31/2011","House Hearings","Ingroup",1,0.0558
"760",1972,"Russia","Deutch",1,"7/7/2011","House Hearings","Ingroup",1,0.0339
"764",911,"Iran","Deutch",1,"10/14/2011","House Hearings","Ingroup",1,0.0221
"769",962,"Syria","Deutch",1,"3/20/2013","House Hearings","Ingroup",3,0.0318
"772",1480,"Iraq","Dicks",1,"10/9/2002","House","Ingroup",1,0.012
"779",2188,"Iraq","Dodd",1,"7/31/2002","Senate Hearings","Ingroup",1,0.0091
"783",515,"Iraq","Dodd",1,"10/9/2002","Senate","Ingroup",4,0.0111
"788",85,"Iraq","Dodd",1,"3/7/2003","Senate","Ingroup",4,0.0144
"794",2371,"North Korea","Dodd",1,"7/20/2006","Senate Hearings","Ingroup",1,0.0098
"798",86,"Sudan","Dodd",1,"9/14/2006","Senate","Ingroup",1,0.0055
"801",82,"Sudan","Dodd",1,"4/24/2007","Senate","Ingroup",3,0.0238
"804",84,"Sudan","Dodd",1,"7/31/2007","Senate","Ingroup",3,0.0356
"809",83,"Sudan","Dodd",1,"8/2/2007","Senate","Ingroup",1,0.0177
"811",2436,"Sudan","Dodd",1,"4/23/2008","Senate Hearings","Ingroup",1,0.0187
"815",2307,"Russia","Dodd",1,"9/17/2008","Senate Hearings","Ingroup",1,0.0037
"817",2158,"Kosovo","Dodd",1,"6/24/1998","Senate Hearings","Ingroup",1,0.014
"820",1482,"Iraq","Doggett",1,"10/9/2002","House","Ingroup",10,0.1297
"823",1424,"Iraq","Doggett",1,"10/10/2002","House","Ingroup",1,0.0458
"826",592,"Iraq","Doggett",1,"3/6/2003","House","Ingroup",5,0.072
"831",75,"Afghanistan","Dorgan",1,"9/14/2001","Senate","Ingroup",5,0.051
"836",480,"Iraq","Dorgan",1,"10/10/2002","Senate","Ingroup",5,0.0354
"840",207,"Iraq","Dorgan",1,"3/12/1998","Senate","Ingroup",5,0.0288
"843",246,"Kosovo","Dorgan",1,"3/22/1999","Senate","Ingroup",2,0.0179
"856",607,"Iraq","Durbin",1,"9/10/2002","House","Ingroup",10,0.0392
"861",433,"Iraq","Durbin",1,"10/10/2002","Senate","Ingroup",8,0.0149
"864",99,"Iraq","Durbin",1,"3/13/2003","Senate","Ingroup",3,0.014
"867",343,"Syria","Durbin",1,"11/11/2003","Senate","Ingroup",1,0.0102
"872",100,"Sudan","Durbin",1,"5/2/2006","Senate","Ingroup",7,0.0418
"880",416,"Iran","Durbin",1,"2/16/2007","Senate","Ingroup",3,0.0133
"884",96,"Sudan","Durbin",1,"2/16/2007","Senate","Ingroup",2,0.0136
"889",98,"Sudan","Durbin",1,"3/1/2007","Senate","Ingroup",3,0.0182
"894",101,"Sudan","Durbin",1,"5/10/2007","Senate","Ingroup",1,0.0052
"898",92,"Sudan","Durbin",1,"5/24/2007","Senate","Ingroup",5,0.0447
"902",97,"Sudan","Durbin",1,"6/28/2007","Senate","Ingroup",3,0.0344
"906",921,"Sudan","Durbin",1,"7/31/2007","House","Ingroup",5,0.0351
"909",102,"Sudan","Durbin",1,"10/4/2007","Senate","Ingroup",2,0.0251
"911",103,"Sudan","Durbin",1,"10/26/2007","Senate","Ingroup",2,0.0316
"915",104,"Iran","Durbin",1,"10/30/2007","Senate","Ingroup",1,0.0088
"919",2223,"Libya","Durbin",1,"3/31/2011","Senate Hearings","Ingroup",1,0.0289
"922",2236,"Syria","Durbin",1,"11/9/2011","House Hearings","Ingroup",3,0.0523
"925",244,"Syria","Durbin",1,"3/15/2012","Senate","Ingroup",1,0.0115
"930",495,"Syria","Durbin",1,"9/9/2013","Senate","Ingroup",1,0.0035
"932",1680,"Afghanistan","EdwardsTX",1,"9/14/2001","House","Ingroup",1,0.076
"935",105,"Iraq","EdwardsNC",1,"9/12/2002","Senate","Ingroup",2,0.0161
"939",1485,"Iraq","EdwardsTX",1,"10/9/2002","House","Ingroup",1,0.0156
"944",481,"Iraq","EdwardsNC",1,"10/10/2002","Senate","Ingroup",1,0.0081
"946",562,"Iran","Ellison",1,"4/15/2008","House","Ingroup",1,0.0071
"950",608,"Syria","Ellison",1,"6/2/2011","House","Ingroup",4,0.0693
"954",1103,"Kosovo","Engel",1,"3/17/1998","House","Ingroup",1,0.0088
"957",1722,"Afghanistan","Engel",1,"9/14/2001","House","Ingroup",2,0.1073
"960",1266,"Syria","Engel",1,"11/20/2003","House","Ingroup",2,0.0156
"967",1832,"Sudan","Engel",1,"5/18/2006","House Hearings","Ingroup",1,0.0136
"969",612,"Syria","Engel",1,"6/19/2006","House","Ingroup",2,0.1075
"973",1155,"Iran","Engel",1,"7/9/2008","House Hearings","Ingroup",1,0.0227
"977",1973,"Russia","Engel",1,"7/7/2011","House Hearings","Ingroup",1,0.0392
"982",616,"Syria","Engel",1,"9/11/2013","House","Ingroup",1,0.0555
"985",613,"Kosovo","Engel",1,"3/24/1998","House","Ingroup",1,0.0136
"994",611,"Iran","Engel",1,"6/11/1998","House","Ingroup",1,0.0122
"996",615,"Kosovo","Engel",1,"10/1/1998","House","Ingroup",1,0.0125
"1001",1664,"Afghanistan","Eshoo",1,"9/14/2001","House","Ingroup",1,0.0639
"1005",1591,"Afghanistan","Etheridge",1,"9/14/2001","House","Ingroup",4,0.1147
"1008",333,"Iran","Faircloth",1,"5/22/1998","Senate","Ingroup",2,0.0422
"1012",1488,"Iraq","Faleomavaega",1,"10/9/2002","House","Ingroup",2,0.026
"1015",1804,"North Korea","Faleomavaega",1,"2/17/2005","House Hearings","Ingroup",1,0.0051
"1018",1935,"North Korea","Faleomavaega",1,"4/28/2005","House Hearings","Ingroup",3,0.0471
"1021",1863,"North Korea","Faleomavaega",1,"6/29/2006","House Hearings","Ingroup",6,0.0261
"1023",865,"Sudan","Faleomavaega",1,"7/8/2007","House","Ingroup",1,0.0275
"1030",1974,"Russia","Faleomavaega",1,"7/7/2011","House Hearings","Ingroup",2,0.0323
"1034",1851,"Russia","Faleomavaega",1,"5/12/1999","House Hearings","Ingroup",2,0.0127
"1042",111,"Kosovo","Feingold",1,"6/9/1998","Senate","Ingroup",2,0.0297
"1049",2486,"Sudan","Feingold",1,"6/11/2002","Senate Hearings","Ingroup",10,0.0252
"1056",2191,"Iraq","Feingold",1,"7/31/2002","Senate Hearings","Ingroup",3,0.0197
"1059",183,"Sudan","Feingold",1,"9/13/2002","Senate","Ingroup",1,0.0147
"1062",184,"Iraq","Feingold",1,"9/26/2002","Senate","Ingroup",1,0.007
"1066",373,"Iraq","Feingold",1,"10/9/2002","Senate","Ingroup",5,0.0154
"1069",2038,"Iran","Feingold",1,"10/28/2003","Senate Hearings","Ingroup",1,0.0351
"1072",116,"Sudan","Feingold",1,"3/30/2004","Senate","Ingroup",3,0.0382
"1076",114,"Sudan","Feingold",1,"5/6/2004","Senate","Ingroup",1,0.0159
"1079",2136,"Sudan","Feingold",1,"6/15/2004","Senate Hearings","Ingroup",2,0.0188
"1083",109,"Sudan","Feingold",1,"7/22/2004","Senate","Ingroup",1,0.0124
"1086",2471,"Sudan","Feingold",1,"9/9/2004","Senate Hearings","Ingroup",1,0.01
"1093",108,"Russia","Feingold",1,"2/7/2005","Senate","Ingroup",1,0.0078
"1103",182,"Sudan","Feingold",1,"9/11/2006","Senate","Ingroup",3,0.0382
"1111",112,"Iran","Feingold",1,"6/22/2007","Senate","Ingroup",1,0.0203
"1115",923,"Sudan","Feingold",1,"7/31/2007","House","Ingroup",2,0.0161
"1119",181,"Iran","Feingold",1,"11/8/2007","Senate","Ingroup",1,0.0122
"1124",2308,"Russia","Feingold",1,"9/17/2008","Senate Hearings","Ingroup",1,0.0204
"1129",2405,"Sudan","Feingold",1,"5/12/2010","Senate Hearings","Ingroup",1,0.02
"1131",2082,"Iran","Feingold",1,"6/22/2010","Senate Hearings","Ingroup",1,0.018
"1135",2424,"Sudan","Feingold",1,"5/15/1997","Senate Hearings","Ingroup",5,0.0277
"1142",210,"Iraq","Feinstein",1,"9/5/2002","Senate","Ingroup",1,0.0057
"1147",581,"Iraq","Feinstein",1,"9/5/2002","Senate","Ingroup",1,0.0056
"1155",486,"Iraq","Feinstein",1,"10/10/2002","Senate","Ingroup",3,0.034
"1159",185,"North Korea","Feinstein",1,"4/10/2003","Senate","Ingroup",2,0.0099
"1161",350,"Syria","Feinstein",1,"11/11/2003","Senate","Ingroup",1,0.0204
"1165",236,"Syria","Feinstein",1,"9/11/2013","Senate","Ingroup",2,0.0074
"1169",211,"Kosovo","Feinstein",1,"9/23/1998","Senate","Ingroup",1,0.016
"1172",1236,"Iraq","Ford",1,"10/9/2002","House","Ingroup",2,0.0205
"1183",1060,"Libya","Frank",1,"6/24/2011","House","Ingroup",2,0.1123
"1185",1702,"Afghanistan","Frost",1,"9/14/2001","House","Ingroup",1,0.0689
"1196",1666,"Afghanistan","Gephardt",1,"9/14/2001","House","Ingroup",2,0.0354
"1199",1434,"Iraq","Gephardt",1,"10/10/2002","House","Ingroup",4,0.0172
"1203",1708,"Afghanistan","GrahamSC",1,"9/14/2001","House","Ingroup",2,0.1291
"1205",1411,"Iraq","GrahamSC",1,"10/10/2002","House","Ingroup",3,0.0569
"1207",303,"Syria","GrahamSC",1,"5/9/2013","Senate","Ingroup",3,0.015
"1211",1657,"Afghanistan","GreenG",1,"9/14/2001","House","Ingroup",2,0.0958
"1214",543,"Sudan","GreenA",1,"4/5/2006","House","Ingroup",2,0.0651
"1220",646,"Sudan","Hall",1,"6/3/1998","House","Ingroup",1,0.0455
"1223",637,"Iraq","Hamilton",1,"8/3/1998","House","Ingroup",2,0.0205
"1225",792,"Iran","Hamilton",1,"8/3/1998","House","Ingroup",3,0.0287
"1228",640,"Iraq","Hamilton",1,"10/5/1998","House","Ingroup",3,0.0274
"1239",1450,"Iraq","HastingsFL",1,"10/10/2002","House","Ingroup",1,0.0151
"1247",1580,"Afghanistan","Hinojosa",1,"9/14/2001","House","Ingroup",1,0.0344
"1250",1498,"Iraq","Hinojosa",1,"10/9/2002","House","Ingroup",3,0.0544
"1270",650,"Iraq","Holt",1,"3/5/2003","House","Ingroup",3,0.0338
"1273",550,"Sudan","Holt",1,"4/5/2006","House","Ingroup",3,0.0642
"1285",1691,"Afghanistan","Hooley",1,"9/14/2001","House","Ingroup",2,0.0229
"1291",1106,"Kosovo","Hoyer",1,"3/17/1998","House","Ingroup",3,0.0347
"1295",1589,"Afghanistan","Hoyer",1,"9/14/2001","House","Ingroup",1,0.0245
"1299",1504,"Iraq","Hoyer",1,"10/9/2002","House","Ingroup",1,0.0135
"1301",845,"Sudan","Hoyer",1,"7/21/2004","House","Ingroup",1,0.0223
"1304",855,"Iran","Hoyer",1,"7/30/2007","House","Ingroup",1,0.024
"1309",1084,"Libya","Hoyer",1,"6/24/2011","House","Ingroup",1,0.0168
"1312",651,"Kosovo","Hoyer",1,"3/10/1998","House","Ingroup",4,0.0448
"1314",1706,"Afghanistan","Inslee",1,"9/14/2001","House","Ingroup",1,0.1026
"1317",1505,"Iraq","Inslee",1,"10/9/2002","House","Ingroup",1,0.0145
"1319",1346,"Iraq","Inslee",1,"10/10/2002","House","Ingroup",1,0.046
"1322",657,"Iraq","Inslee",1,"3/5/2003","House","Ingroup",3,0.0364
"1326",655,"Iraq","Inslee",1,"3/13/2003","House","Ingroup",10,0.018
"1330",804,"Russia","Inslee",1,"7/19/2004","House","Ingroup",3,0.0345
"1337",2224,"Libya","Isakson",1,"3/31/2011","Senate Hearings","Ingroup",1,0.0163
"1342",1740,"Afghanistan","JacksonIL",1,"9/14/2001","House","Ingroup",3,0.0298
"1347",838,"Sudan","JacksonIL",1,"7/21/2004","House","Ingroup",5,0.099
"1349",1835,"Sudan","Jackson-Lee",1,"5/18/2006","House Hearings","Ingroup",1,0.0301
"1352",1350,"Sudan","Jackson-Lee",1,"2/8/2007","House Hearings","Ingroup",2,0.0253
"1355",1951,"Russia","Jackson-Lee",1,"11/9/2008","House Hearings","Ingroup",1,0.0108
"1362",1698,"Afghanistan","Jackson-Lee",1,"9/14/2001","House","Ingroup",1,0.0132
"1370",1240,"Iraq","Jackson-Lee",1,"10/9/2002","House","Ingroup",4,0.0165
"1373",1307,"Iraq","Jackson-Lee",1,"10/10/2002","House","Ingroup",1,0.0197
"1381",668,"Iraq","Jackson-Lee",1,"3/18/2003","House","Ingroup",1,0.0129
"1385",660,"Sudan","Jackson-Lee",1,"7/7/2004","House","Ingroup",3,0.1488
"1387",661,"Sudan","Jackson-Lee",1,"7/13/2004","House","Ingroup",1,0.0245
"1391",662,"Sudan","Jackson-Lee",1,"7/15/2004","House","Ingroup",1,0.0118
"1395",836,"Sudan","Jackson-Lee",1,"7/21/2004","House","Ingroup",9,0.0796
"1398",539,"Sudan","Jackson-Lee",1,"4/5/2006","House","Ingroup",2,0.0284
"1399",669,"Sudan","Jackson-Lee",1,"9/19/2006","House","Ingroup",1,0.0146
"1402",1792,"Sudan","Jackson-Lee",1,"9/25/2006","House","Ingroup",1,0.0109
"1407",851,"Iran","Jackson-Lee",1,"7/30/2007","House","Ingroup",2,0.0197
"1414",563,"Iran","Jackson-Lee",1,"4/15/2008","House","Ingroup",3,0.0133
"1419",658,"Iran","Jackson-Lee",1,"12/15/2009","House","Ingroup",3,0.0378
"1426",1042,"Libya","Jackson-Lee",1,"6/3/2011","House","Ingroup",4,0.0134
"1431",1047,"Libya","Jackson-Lee",1,"6/24/2011","House","Ingroup",5,0.0166
"1442",1506,"Iraq","Jefferson",1,"10/9/2002","House","Ingroup",1,0.0151
"1449",503,"Iraq","Jeffords",1,"10/7/2002","Senate","Ingroup",1,0.007
"1453",16,"Iraq","JohnsonSD",1,"1/30/2003","Senate","Ingroup",2,0.0259
"1455",325,"Iran","JohnsonSD",1,"5/21/2012","Senate","Ingroup",4,0.1935
"1459",1242,"Iraq","JonesOH",1,"10/9/2002","House","Ingroup",1,0.014
"1461",870,"Sudan","JonesOH",1,"7/30/2007","House","Ingroup",1,0.0212
"1465",234,"Syria","Kaine",1,"9/11/2013","Senate","Ingroup",6,0.0186
"1469",1507,"Iraq","Kanjorski",1,"10/9/2002","House","Ingroup",1,0.0137
"1472",679,"Iraq","Kaptur",1,"9/19/2002","House","Ingroup",2,0.0269
"1477",1049,"Libya","Kaptur",1,"6/24/2011","House","Ingroup",1,0.0122
"1482",750,"Syria","Kaptur",1,"9/10/2013","House","Ingroup",1,0.0366
"1484",1921,"Russia","Kaptur",1,"10/6/1999","House Hearings","Ingroup",1,0.0087
"1486",2064,"Iran","Kaufman",1,"3/5/2009","Senate Hearings","Ingroup",2,0.0569
"1496",507,"Iraq","Kennedy",1,"10/7/2002","Senate","Ingroup",8,0.0266
"1500",402,"Iraq","Kennedy",1,"10/10/2002","Senate","Ingroup",11,0.0155
"1507",239,"Iraq","Kennedy",1,"3/5/2003","Senate","Ingroup",1,0.0412
"1511",240,"Iraq","Kennedy",1,"3/13/2003","Senate","Ingroup",8,0.0228
"1517",1447,"Iraq","KennedyRI",1,"10/10/2002","House","Ingroup",3,0.0074
"1520",252,"Iraq","Kerrey",1,"3/2/2000","Senate","Ingroup",1,0.0097
"1524",2175,"Iraq","Kerrey",1,"3/1/2001","Senate Hearings","Ingroup",4,0.0091
"1528",250,"Iraq","Kerrey",1,"2/25/1998","Senate","Ingroup",1,0.0061
"1531",251,"Iraq","Kerrey",1,"2/25/1999","Senate","Ingroup",2,0.0091
"1534",2198,"Iraq","Kerry",1,"7/31/2002","Senate Hearings","Ingroup",2,0.0221
"1538",513,"Iraq","Kerry",1,"10/9/2002","Senate","Ingroup",6,0.0093
"1541",2048,"Iran","Kerry",1,"7/9/2008","Senate Hearings","Ingroup",3,0.0211
"1546",2129,"Iran","Kerry",1,"3/3/2009","Senate Hearings","Ingroup",3,0.0139
"1552",2378,"North Korea","Kerry",1,"6/11/2009","Senate Hearings","Ingroup",5,0.0169
"1556",2448,"Sudan","Kerry",1,"7/30/2009","Senate Hearings","Ingroup",7,0.0342
"1560",2402,"Sudan","Kerry",1,"5/12/2010","Senate Hearings","Ingroup",1,0.005
"1564",2085,"Iran","Kerry",1,"6/22/2010","Senate Hearings","Ingroup",3,0.0138
"1569",2332,"North Korea","Kerry",1,"3/1/2011","Senate Hearings","Ingroup",3,0.0084
"1573",2225,"Libya","Kerry",1,"3/31/2011","Senate Hearings","Ingroup",2,0.0106
"1577",2263,"Libya","Kerry",1,"4/6/2011","Senate Hearings","Ingroup",1,0.0042
"1581",299,"Libya","Kerry",1,"6/21/2011","Senate","Ingroup",5,0.0172
"1589",2247,"Syria","Kerry",1,"3/1/2012","House Hearings","Ingroup",4,0.0255
"1591",2095,"Iran","Kerry",1,"3/28/2012","Senate Hearings","Ingroup",1,0.0051
"1595",2257,"Syria","Kerry",1,"4/19/2012","House Hearings","Ingroup",6,0.0219
"1598",2146,"Iraq","Kerry",1,"9/28/1999","Senate Hearings","Ingroup",3,0.0216
"1600",1759,"Afghanistan","Kilpatrick",1,"9/14/2001","House","Ingroup",1,0.0465
"1604",1509,"Iraq","Kilpatrick",1,"10/9/2002","House","Ingroup",5,0.0855
"1608",1626,"Afghanistan","Kind",1,"9/14/2001","House","Ingroup",1,0.0711
"1614",656,"Iraq","Kind",1,"3/13/2003","House","Ingroup",2,0.0218
"1616",1587,"Afghanistan","Kleczka",1,"9/14/2001","House","Ingroup",1,0.0471
"1619",1510,"Iraq","Kleczka",1,"10/9/2002","House","Ingroup",2,0.0261
"1629",698,"Iraq","Kucinich",1,"10/3/2002","House","Ingroup",10,0.0154
"1633",1427,"Iraq","Kucinich",1,"10/10/2002","House","Ingroup",1,0.0095
"1641",715,"Iran","Kucinich",1,"4/26/2006","House","Ingroup",6,0.0418
"1648",1610,"North Korea","Kucinich",1,"9/29/2006","House","Ingroup",3,0.0234
"1670",1511,"Iraq","Kucinich",1,"10/9/2002","House","Ingroup",1,0.0197
"1675",1513,"Iraq","Lampson",1,"10/9/2002","House","Ingroup",1,0.0233
"1679",487,"Iraq","Landrieu",1,"10/10/2002","Senate","Ingroup",4,0.0126
"1682",1690,"Afghanistan","Langevin",1,"9/14/2001","House","Ingroup",2,0.1124
"1687",1088,"Libya","Langevin",1,"6/24/2011","House","Ingroup",1,0.0297
"1692",1561,"Afghanistan","Lantos",1,"9/14/2001","House","Ingroup",2,0.0184
"1697",1310,"Iraq","Lantos",1,"10/10/2002","House","Ingroup",6,0.0587
"1700",1265,"Syria","Lantos",1,"11/20/2003","House","Ingroup",1,0.0184
"1703",799,"Russia","Lantos",1,"7/19/2004","House","Ingroup",8,0.0401
"1709",1099,"Syria","Lantos",1,"3/16/2005","House","Ingroup",1,0.0278
"1712",1898,"Sudan","Lantos",1,"6/22/2005","House Hearings","Ingroup",3,0.0201
"1715",733,"Iran","Lantos",1,"10/27/2005","House","Ingroup",2,0.1233
"1720",533,"Sudan","Lantos",1,"4/5/2006","House","Ingroup",3,0.0346
"1723",712,"Iran","Lantos",1,"4/26/2006","House","Ingroup",2,0.0195
"1727",1836,"Sudan","Lantos",1,"5/18/2006","House Hearings","Ingroup",1,0.0078
"1731",1865,"North Korea","Lantos",1,"6/29/2006","House Hearings","Ingroup",3,0.0253
"1734",1794,"Sudan","Lantos",1,"9/25/2006","House","Ingroup",3,0.0478
"1737",1778,"Iran","Lantos",1,"9/28/2006","House","Ingroup",1,0.0147
"1738",1611,"North Korea","Lantos",1,"9/29/2006","House","Ingroup",2,0.0437
"1741",1351,"Sudan","Lantos",1,"2/8/2007","House Hearings","Ingroup",1,0.0175
"1745",1392,"Iran","Lantos",1,"3/6/2007","House Hearings","Ingroup",3,0.02
"1749",1854,"Russia","Lantos",1,"5/12/1999","House Hearings","Ingroup",3,0.0292
"1754",736,"Afghanistan","Larson",1,"9/14/2001","House","Ingroup",2,0.0655
"1758",1515,"Iraq","Larson",1,"10/9/2002","House","Ingroup",1,0.0116
"1765",265,"Libya","Lautenberg",1,"6/28/2006","Senate","Ingroup",9,0.1334
"1767",336,"Iran","Lautenberg",1,"5/22/1998","Senate","Ingroup",2,0.0306
"1771",377,"Iraq","Leahy",1,"10/9/2002","Senate","Ingroup",2,0.0069
"1775",268,"Iraq","Leahy",1,"1/30/2003","Senate","Ingroup",1,0.0047
"1782",269,"Sudan","Leahy",1,"6/6/2006","Senate","Ingroup",2,0.0385
"1786",271,"Sudan","Leahy",1,"9/19/2006","Senate","Ingroup",2,0.0177
"1796",1574,"Afghanistan","LeeCA",1,"9/14/2001","House","Ingroup",5,0.0753
"1801",832,"Sudan","LeeCA",1,"7/21/2004","House","Ingroup",3,0.0735
"1803",1900,"Sudan","LeeCA",1,"6/22/2005","House Hearings","Ingroup",1,0.0183
"1805",535,"Sudan","LeeCA",1,"4/5/2006","House","Ingroup",3,0.042
"1809",1837,"Sudan","LeeCA",1,"5/18/2006","House Hearings","Ingroup",1,0.0136
"1813",738,"Sudan","LeeCA",1,"9/20/2006","House","Ingroup",1,0.008
"1815",860,"Sudan","LeeCA",1,"7/30/2007","House","Ingroup",3,0.0473
"1817",561,"Iran","LeeCA",1,"4/15/2008","House","Ingroup",7,0.0332
"1821",1160,"Iran","LeeCA",1,"7/9/2008","House Hearings","Ingroup",1,0.0127
"1825",1028,"Libya","LeeCA",1,"6/3/2011","House","Ingroup",2,0.0756
"1831",520,"Iraq","LevinC",1,"10/9/2002","Senate","Ingroup",8,0.0266
"1835",413,"Iraq","LevinC",1,"10/10/2002","Senate","Ingroup",5,0.0145
"1839",273,"Iraq","LevinC",1,"1/9/2003","Senate","Ingroup",1,0.0065
"1843",275,"Iraq","LevinC",1,"3/17/2003","Senate","Ingroup",3,0.0192
"1846",272,"Iran","LevinC",1,"12/15/2009","Senate","Ingroup",3,0.0405
"1857",1726,"Afghanistan","LevinS",1,"9/14/2001","House","Ingroup",1,0.0477
"1860",1409,"Iraq","LevinS",1,"10/10/2002","House","Ingroup",3,0.0471
"1862",1077,"Libya","LevinS",1,"6/24/2011","House","Ingroup",1,0.1001
"1866",739,"Kosovo","LevinS",1,"7/8/1998","House","Ingroup",2,0.022
"1873",193,"Iran","Lieberman",1,"2/22/2000","Senate","Ingroup",7,0.0263
"1877",280,"Iraq","Lieberman",1,"9/13/2002","Senate","Ingroup",3,0.0192
"1881",281,"Iraq","Lieberman",1,"10/2/2002","Senate","Ingroup",3,0.0544
"1885",504,"Iraq","Lieberman",1,"10/7/2002","Senate","Ingroup",6,0.0154
"1888",366,"Iraq","Lieberman",1,"10/8/2002","Senate","Ingroup",1,0.0032
"1892",376,"Iraq","Lieberman",1,"10/9/2002","Senate","Ingroup",8,0.0343
"1896",403,"Iraq","Lieberman",1,"10/10/2002","Senate","Ingroup",5,0.0106
"1899",278,"Russia","Lieberman",1,"2/28/2005","Senate","Ingroup",5,0.0696
"1903",498,"Iran","Lieberman",1,"9/24/2007","Senate","Ingroup",7,0.0352
"1910",277,"Syria","Lieberman",1,"4/14/2011","Senate","Ingroup",7,0.0583
"1914",279,"Syria","Lieberman",1,"5/5/2011","Senate","Ingroup",6,0.0454
"1918",190,"Iraq","Lieberman",1,"2/12/1998","Senate","Ingroup",4,0.0208
"1922",332,"Iran","Lieberman",1,"5/22/1998","Senate","Ingroup",4,0.0159
"1925",1699,"Afghanistan","Lofgren",1,"9/14/2001","House","Ingroup",4,0.1849
"1930",840,"Sudan","Lofgren",1,"7/21/2004","House","Ingroup",5,0.2236
"1938",1992,"Afghanistan","Lugar",1,"12/6/2001","Senate Hearings","Ingroup",2,0.0457
"1942",2002,"Afghanistan","Lugar",1,"6/26/2002","Senate Hearings","Ingroup",2,0.0097
"1946",2199,"Iraq","Lugar",1,"7/31/2002","Senate Hearings","Ingroup",6,0.0125
"1950",2352,"North Korea","Lugar",1,"2/4/2003","Senate Hearings","Ingroup",9,0.0233
"1953",2397,"North Korea","Lugar",1,"3/6/2003","Senate Hearings","Ingroup",3,0.0164
"1957",2042,"Iran","Lugar",1,"10/28/2003","Senate Hearings","Ingroup",7,0.0287
"1960",2015,"Syria","Lugar",1,"10/30/2003","Senate Hearings","Ingroup",1,0.0047
"1965",2337,"North Korea","Lugar",1,"7/15/2004","Senate Hearings","Ingroup",4,0.0145
"1969",2461,"Sudan","Lugar",1,"9/9/2004","Senate Hearings","Ingroup",1,0.0047
"1973",2475,"Sudan","Lugar",1,"9/28/2005","Senate Hearings","Ingroup",1,0.006
"1976",2021,"Iran","Lugar",1,"3/2/2006","Senate Hearings","Ingroup",6,0.0182
"1981",2366,"North Korea","Lugar",1,"7/20/2006","Senate Hearings","Ingroup",5,0.0155
"1987",2300,"Russia","Lugar",1,"6/21/2007","Senate Hearings","Ingroup",5,0.026
"1989",2434,"Sudan","Lugar",1,"4/23/2008","Senate Hearings","Ingroup",2,0.0182
"1992",2049,"Iran","Lugar",1,"7/9/2008","Senate Hearings","Ingroup",3,0.0123
"1997",2130,"Iran","Lugar",1,"3/3/2009","Senate Hearings","Ingroup",1,0.0063
"2003",2449,"Sudan","Lugar",1,"7/30/2009","Senate Hearings","Ingroup",3,0.0208
"2006",2403,"Sudan","Lugar",1,"5/12/2010","Senate Hearings","Ingroup",4,0.0449
"2009",2087,"Iran","Lugar",1,"6/22/2010","Senate Hearings","Ingroup",1,0.0098
"2013",2333,"North Korea","Lugar",1,"3/1/2011","Senate Hearings","Ingroup",3,0.0112
"2017",2226,"Libya","Lugar",1,"3/31/2011","Senate Hearings","Ingroup",1,0.005
"2026",204,"Libya","Lugar",1,"7/5/2011","Senate","Ingroup",2,0.006
"2029",2238,"Syria","Lugar",1,"11/9/2011","House Hearings","Ingroup",1,0.0127
"2033",2248,"Syria","Lugar",1,"3/1/2012","House Hearings","Ingroup",3,0.0339
"2037",2096,"Iran","Lugar",1,"3/28/2012","Senate Hearings","Ingroup",2,0.0162
"2040",2258,"Syria","Lugar",1,"4/19/2012","House Hearings","Ingroup",1,0.009
"2049",1052,"Libya","Lynch",1,"6/24/2011","House","Ingroup",1,0.0319
"2053",744,"Afghanistan","MaloneyC",1,"2/16/2000","House","Ingroup",3,0.0478
"2057",1246,"Iraq","MaloneyC",1,"10/9/2002","House","Ingroup",1,0.0141
"2063",1744,"Afghanistan","MaloneyCT",1,"9/14/2001","House","Ingroup",2,0.0648
"2068",1441,"Iraq","MaloneyCT",1,"10/10/2002","House","Ingroup",5,0.0419
"2070",746,"Iran","MaloneyS",1,"8/1/2013","House","Ingroup",2,0.1059
"2072",1757,"Afghanistan","Markey",1,"9/14/2001","House","Ingroup",1,0.0248
"2076",1406,"Iraq","Markey",1,"10/10/2002","House","Ingroup",3,0.0277
"2080",1731,"Afghanistan","Mascara",1,"9/14/2001","House","Ingroup",1,0.0607
"2086",1521,"Iraq","McCarthyMO",1,"10/9/2002","House","Ingroup",4,0.0751
"2094",1522,"Iraq","McCollum",1,"10/9/2002","House","Ingroup",3,0.0409
"2099",1838,"Sudan","McCollum",1,"5/18/2006","House Hearings","Ingroup",1,0.0166
"2106",2427,"Sudan","McCollum",1,"5/15/1997","Senate Hearings","Ingroup",1,0.0035
"2113",1304,"Iraq","McDermott",1,"10/10/2002","House","Ingroup",5,0.0105
"2128",756,"Iran","McDermott",1,"11/9/2007","House","Ingroup",1,0.0422
"2131",758,"Iran","McDermott",1,"9/10/2008","House","Ingroup",1,0.0125
"2137",1747,"Afghanistan","McGovern",1,"9/14/2001","House","Ingroup",2,0.0372
"2142",760,"Iraq","McGovern",1,"9/5/2002","House","Ingroup",2,0.0316
"2146",547,"Sudan","McGovern",1,"4/5/2006","House","Ingroup",1,0.0193
"2162",770,"Iraq","McNulty",1,"10/8/2002","House","Ingroup",3,0.0842
"2166",1681,"Afghanistan","Meehan",1,"9/14/2001","House","Ingroup",2,0.1111
"2168",1524,"Iraq","Meehan",1,"10/9/2002","House","Ingroup",3,0.0365
"2172",1599,"Afghanistan","MeekC",1,"9/14/2001","House","Ingroup",1,0.0529
"2175",1525,"Iraq","MeekC",1,"10/9/2002","House","Ingroup",1,0.0155
"2177",772,"Iran","MeeksNY",1,"11/3/2005","House","Ingroup",1,0.0593
"2181",1163,"Libya","MeeksNY",1,"3/31/2011","House Hearings","Ingroup",3,0.0365
"2182",1081,"Libya","MeeksNY",1,"6/24/2011","House","Ingroup",2,0.1244
"2187",1672,"Afghanistan","Menendez",1,"9/14/2001","House","Ingroup",3,0.0707
"2190",2417,"Sudan","Menendez",1,"4/11/2007","Senate Hearings","Ingroup",3,0.0605
"2192",922,"Sudan","Menendez",1,"7/31/2007","House","Ingroup",2,0.0237
"2195",2440,"Sudan","Menendez",1,"4/23/2008","Senate Hearings","Ingroup",5,0.0294
"2198",2088,"Iran","Menendez",1,"6/22/2010","Senate Hearings","Ingroup",2,0.0415
"2202",2227,"Libya","Menendez",1,"3/31/2011","Senate Hearings","Ingroup",1,0.0161
"2210",2259,"Syria","Menendez",1,"4/19/2012","House Hearings","Ingroup",2,0.0471
"2213",326,"Iran","Menendez",1,"5/21/2012","Senate","Ingroup",2,0.0285
"2217",2323,"North Korea","Menendez",1,"3/7/2013","Senate Hearings","Ingroup",9,0.0344
"2219",302,"Syria","Menendez",1,"5/9/2013","Senate","Ingroup",2,0.0358
"2223",496,"Syria","Menendez",1,"9/9/2013","Senate","Ingroup",3,0.0148
"2225",790,"Iran","Menendez",1,"8/3/1998","House","Ingroup",1,0.0073
"2229",500,"Iraq","Mikulski",1,"10/7/2002","Senate","Ingroup",5,0.0356
"2232",475,"Iraq","Mikulski",1,"10/10/2002","Senate","Ingroup",2,0.0303
"2235",494,"Syria","Mikulski",1,"9/9/2013","Senate","Ingroup",3,0.0187
"2239",1526,"Iraq","Millender-McDonald",1,"10/9/2002","House","Ingroup",1,0.0141
"2241",314,"Iraq","Miller",1,"10/3/2002","Senate","Ingroup",1,0.02
"2246",877,"Sudan","MillerNC",1,"7/30/2007","House","Ingroup",3,0.1014
"2250",1455,"Iraq","MooreKS",1,"10/10/2002","House","Ingroup",1,0.0197
"2252",773,"Sudan","MooreWI",1,"9/20/2006","House","Ingroup",5,0.1227
"2255",1110,"Kosovo","MoranVA",1,"3/17/1998","House","Ingroup",1,0.0165
"2258",1342,"Iraq","MoranVA",1,"10/10/2002","House","Ingroup",2,0.0435
"2268",1008,"Libya","MoranVA",1,"6/3/2011","House","Ingroup",3,0.0366
"2273",1051,"Libya","MoranVA",1,"6/24/2011","House","Ingroup",1,0.0121
"2278",685,"Kosovo","MoranVA",1,"3/24/1998","House","Ingroup",2,0.0329
"2282",793,"Iran","MoranVA",1,"8/3/1998","House","Ingroup",1,0.0247
"2288",526,"Iraq","Murray",1,"10/9/2002","Senate","Ingroup",1,0.0038
"2292",1107,"Kosovo","Nadler",1,"3/17/1998","House","Ingroup",2,0.0414
"2294",1721,"Afghanistan","Nadler",1,"9/14/2001","House","Ingroup",2,0.0265
"2303",1576,"Afghanistan","Napolitano",1,"9/14/2001","House","Ingroup",1,0.0401
"2305",1668,"Afghanistan","NealMA",1,"9/14/2001","House","Ingroup",1,0.0514
"2306",2290,"North Korea","NelsonFL",1,"5/23/2001","Senate Hearings","Ingroup",1,0.0209
"2310",2202,"Iraq","NelsonFL",1,"7/31/2002","Senate Hearings","Ingroup",4,0.0375
"2312",385,"Iraq","NelsonFL",1,"9/20/2002","Senate","Ingroup",4,0.0299
"2315",364,"Iraq","NelsonNE",1,"10/7/2002","Senate","Ingroup",2,0.0085
"2318",387,"North Korea","NelsonFL",1,"1/10/2003","Senate","Ingroup",3,0.0231
"2320",2438,"Sudan","NelsonFL",1,"4/23/2008","Senate Hearings","Ingroup",2,0.05
"2321",2045,"Iran","NelsonFL",1,"7/9/2008","Senate Hearings","Ingroup",1,0.0378
"2324",2303,"Russia","NelsonFL",1,"9/17/2008","Senate Hearings","Ingroup",2,0.0319
"2328",493,"Syria","NelsonFL",1,"9/9/2013","Senate","Ingroup",4,0.0233
"2333",820,"Sudan","Norton",1,"4/4/2000","House","Ingroup",5,0.0151
"2340",2482,"Sudan","Obama",1,"9/28/2005","Senate Hearings","Ingroup",1,0.0267
"2351",781,"Iraq","Obey",1,"3/6/2003","House","Ingroup",2,0.0092
"2353",540,"Sudan","Olver",1,"4/5/2006","House","Ingroup",1,0.0306
"2358",1630,"Afghanistan","Ortiz",1,"9/14/2001","House","Ingroup",5,0.0892
"2362",1091,"Iraq","Pallone",1,"3/5/2003","House","Ingroup",1,0.0193
"2365",783,"Sudan","Pallone",1,"2/14/2006","House","Ingroup",1,0.0167
"2369",1453,"Iraq","Pascrell",1,"10/10/2002","House","Ingroup",1,0.0145
"2372",798,"North Korea","Pascrell",1,"2/15/2013","House","Ingroup",2,0.057
"2379",1113,"Kosovo","PayneD",1,"3/17/1998","House","Ingroup",1,0.0341
"2383",819,"Sudan","PayneD",1,"4/4/2000","House","Ingroup",8,0.0214
"2388",821,"Sudan","PayneD",1,"6/12/2001","House","Ingroup",10,0.0196
"2391",1670,"Afghanistan","PayneD",1,"9/14/2001","House","Ingroup",3,0.1463
"2393",1532,"Iraq","PayneD",1,"10/9/2002","House","Ingroup",1,0.0086
"2398",822,"Sudan","PayneD",1,"5/13/2004","House","Ingroup",4,0.0133
"2402",829,"Sudan","PayneD",1,"7/21/2004","House","Ingroup",3,0.0597
"2405",1939,"North Korea","PayneD",1,"4/28/2005","House Hearings","Ingroup",2,0.0184
"2409",1215,"Sudan","PayneD",1,"11/1/2005","House Hearings","Ingroup",2,0.0068
"2413",1891,"Sudan","PayneD",1,"11/1/2005","House Hearings","Ingroup",2,0.0068
"2417",1884,"Sudan","PayneD",1,"3/8/2006","House Hearings","Ingroup",1,0.0172
"2421",534,"Sudan","PayneD",1,"4/5/2006","House","Ingroup",3,0.0398
"2426",1839,"Sudan","PayneD",1,"5/18/2006","House Hearings","Ingroup",7,0.0514
"2432",1354,"Sudan","PayneD",1,"2/8/2007","House Hearings","Ingroup",3,0.0191
"2435",1393,"Iran","PayneD",1,"3/6/2007","House Hearings","Ingroup",2,0.0264
"2438",1956,"Russia","PayneD",1,"11/9/2008","House Hearings","Ingroup",1,0.009
"2441",1168,"Libya","PayneD",1,"3/31/2011","House Hearings","Ingroup",5,0.0692
"2444",1679,"Afghanistan","Pelosi",1,"9/14/2001","House","Ingroup",1,0.043
"2448",1410,"Iraq","Pelosi",1,"10/10/2002","House","Ingroup",1,0.0091
"2452",833,"Sudan","Pelosi",1,"7/21/2004","House","Ingroup",3,0.0396
"2455",532,"Sudan","Pelosi",1,"4/5/2006","House","Ingroup",4,0.0331
"2459",878,"Sudan","Pelosi",1,"9/20/2006","House","Ingroup",5,0.0438
"2475",396,"Sudan","Pryor",1,"2/1/2007","Senate","Ingroup",1,0.0251
"2477",936,"Iran","Quigley",1,"5/25/2011","House","Ingroup",1,0.0559
"2478",937,"Iran","Quigley",1,"11/15/2011","House","Ingroup",1,0.0551
"2480",1419,"Iraq","Rangel",1,"10/10/2002","House","Ingroup",2,0.0891
"2493",372,"Iraq","Reid",1,"10/9/2002","Senate","Ingroup",1,0.0137
"2495",324,"Iran","Reid",1,"5/21/2012","Senate","Ingroup",1,0.0649
"2500",491,"Syria","Reid",1,"9/9/2013","Senate","Ingroup",1,0.0061
"2506",1536,"Iraq","Reyes",1,"10/9/2002","House","Ingroup",3,0.038
"2508",1039,"Libya","Reyes",1,"6/3/2011","House","Ingroup",2,0.0424
"2512",2132,"Iran","Risch",1,"3/3/2009","Senate Hearings","Ingroup",1,0.0136
"2516",2228,"Libya","Risch",1,"3/31/2011","Senate Hearings","Ingroup",2,0.0276
"2521",2250,"Syria","Risch",1,"3/1/2012","House Hearings","Ingroup",1,0.0282
"2526",2030,"Iran","Robb",1,"5/14/1998","Senate Hearings","Ingroup",2,0.0097
"2528",2113,"Iraq","Robb",1,"5/21/1998","Senate Hearings","Ingroup",6,0.0295
"2536",470,"Iraq","Rockefeller",1,"10/10/2002","Senate","Ingroup",1,0.0037
"2542",1537,"Iraq","Roemer",1,"10/9/2002","House","Ingroup",4,0.0591
"2543",1734,"Afghanistan","Ross",1,"9/14/2001","House","Ingroup",1,0.0332
"2545",1710,"Afghanistan","Rothman",1,"9/14/2001","House","Ingroup",1,0.0859
"2549",1436,"Iraq","Roybal-Allard",1,"10/10/2002","House","Ingroup",2,0.0387
"2551",844,"Sudan","Rush",1,"7/21/2004","House","Ingroup",1,0.0326
"2556",522,"Iraq","SarbanesP",1,"10/9/2002","Senate","Ingroup",1,0.0033
"2566",1092,"Iraq","Schakowsky",1,"3/5/2003","House","Ingroup",2,0.0261
"2568",1093,"Sudan","Schakowsky",1,"7/21/2004","House","Ingroup",1,0.0462
"2570",842,"Sudan","Schakowsky",1,"7/21/2004","House","Ingroup",1,0.0254
"2573",843,"Sudan","Schiff",1,"7/21/2004","House","Ingroup",2,0.0267
"2579",1094,"Syria","Schiff",1,"7/7/2011","House","Ingroup",2,0.026
"2583",469,"Iraq","Schumer",1,"10/10/2002","Senate","Ingroup",2,0.0114
"2584",327,"Iran","Schumer",1,"5/21/2012","Senate","Ingroup",2,0.0605
"2586",556,"Sudan","Schwartz",1,"4/5/2006","House","Ingroup",1,0.0293
"2589",1212,"Russia","Schwartz",1,"5/5/2008","House","Ingroup",1,0.0303
"2594",1961,"Russia","ScottD",1,"11/9/2008","House Hearings","Ingroup",2,0.035
"2602",1542,"Iraq","Serrano",1,"10/9/2002","House","Ingroup",2,0.0225
"2604",2454,"Sudan","Shaheen",1,"7/30/2009","Senate Hearings","Ingroup",1,0.0375
"2607",2267,"Libya","Shaheen",1,"4/6/2011","Senate Hearings","Ingroup",1,0.0266
"2611",2218,"Libya","Shaheen",1,"6/28/2011","Senate Hearings","Ingroup",1,0.0385
"2624",1294,"North Korea","Sherman",1,"3/16/2000","House Hearings","Ingroup",9,0.0148
"2627",1572,"Afghanistan","Sherman",1,"9/14/2001","House","Ingroup",1,0.0283
"2630",1807,"North Korea","Sherman",1,"2/17/2005","House Hearings","Ingroup",1,0.0189
"2638",1382,"Iran","Sherman",1,"3/15/2007","House Hearings","Ingroup",3,0.0122
"2646",1772,"Iran","Sherman",1,"9/26/2008","House","Ingroup",1,0.0168
"2649",1962,"Russia","Sherman",1,"11/9/2008","House Hearings","Ingroup",1,0.0142
"2653",1287,"Libya","Sherman",1,"5/25/2011","House Hearings","Ingroup",2,0.0567
"2656",1016,"Libya","Sherman",1,"6/3/2011","House","Ingroup",1,0.0096
"2659",1058,"Libya","Sherman",1,"6/24/2011","House","Ingroup",1,0.0261
"2670",1357,"Sudan","Sires",1,"2/8/2007","House Hearings","Ingroup",1,0.0531
"2676",1582,"Afghanistan","Skelton",1,"9/14/2001","House","Ingroup",1,0.0198
"2679",1329,"Iraq","Skelton",1,"10/10/2002","House","Ingroup",1,0.013
"2682",1117,"Iran","Skelton",1,"2/1/2006","House","Ingroup",1,0.0141
"2685",1544,"Iraq","SmithWA",1,"10/9/2002","House","Ingroup",3,0.0281
"2689",1045,"Libya","SmithWA",1,"6/24/2011","House","Ingroup",2,0.0103
"2695",2138,"Sudan","Snyder",1,"6/15/2004","Senate Hearings","Ingroup",3,0.005
"2699",1620,"Afghanistan","Spratt",1,"9/14/2001","House","Ingroup",1,0.0341
"2702",1328,"Iraq","Spratt",1,"10/10/2002","House","Ingroup",2,0.0121
"2704",521,"Iraq","Stabenow",1,"10/9/2002","Senate","Ingroup",2,0.0613
"2707",1752,"Afghanistan","Stark",1,"9/14/2001","House","Ingroup",1,0.025
"2711",1545,"Iraq","Stark",1,"10/9/2002","House","Ingroup",1,0.0119
"2715",1789,"Iran","Stark",1,"9/28/2006","House","Ingroup",2,0.0831
"2718",1072,"Libya","Stark",1,"6/24/2011","House","Ingroup",2,0.0565
"2721",362,"Iraq","Stevens",1,"10/7/2002","Senate","Ingroup",6,0.0259
"2726",1257,"Iraq","Stupak",1,"10/9/2002","House","Ingroup",1,0.0122
"2730",1638,"Afghanistan","Tanner",1,"9/14/2001","House","Ingroup",3,0.0345
"2733",1259,"Iraq","Tanner",1,"10/9/2002","House","Ingroup",3,0.0508
"2736",1407,"Iraq","Tauscher",1,"10/10/2002","House","Ingroup",2,0.1
"2738",1704,"Afghanistan","ThompsonCA",1,"9/14/2001","House","Ingroup",2,0.1177
"2744",1673,"Afghanistan","TurnerTX",1,"9/14/2001","House","Ingroup",1,0.0749
"2748",1550,"Iraq","TurnerTX",1,"10/9/2002","House","Ingroup",2,0.023
"2752",1724,"Afghanistan","UdallCO",1,"9/14/2001","House","Ingroup",1,0.0271
"2758",1125,"Iraq","UdallNM",1,"10/1/2002","House","Ingroup",1,0.0116
"2764",2124,"Iran","UdallNM",1,"7/25/2012","Senate Hearings","Ingroup",1,0.0787
"2767",445,"Syria","UdallNM",1,"6/17/2013","Senate","Ingroup",2,0.0259
"2769",1643,"Afghanistan","Underwood",1,"9/14/2001","House","Ingroup",1,0.0402
"2772",1437,"Iraq","Underwood",1,"10/10/2002","House","Ingroup",2,0.023
"2777",976,"Syria","Vargas",1,"3/20/2013","House Hearings","Ingroup",1,0.0208
"2779",1126,"Iraq","Vargas",1,"9/10/2013","House","Ingroup",1,0.0649
"2783",1552,"Iraq","Velazquez",1,"10/9/2002","House","Ingroup",1,0.0172
"2787",835,"Sudan","Waters",1,"7/21/2004","House","Ingroup",1,0.0412
"2793",876,"Sudan","Waters",1,"7/30/2007","House","Ingroup",1,0.0248
"2796",560,"Iran","Waters",1,"4/15/2008","House","Ingroup",3,0.0104
"2797",1741,"Afghanistan","Watson",1,"9/14/2001","House","Ingroup",1,0.0253
"2800",1261,"Iraq","Watson",1,"10/9/2002","House","Ingroup",2,0.0296
"2803",1943,"North Korea","Watson",1,"4/28/2005","House Hearings","Ingroup",1,0.0234
"2808",1219,"Sudan","Watson",1,"11/1/2005","House Hearings","Ingroup",1,0.0092
"2813",1887,"Sudan","Watson",1,"11/1/2005","House Hearings","Ingroup",1,0.0044
"2818",1844,"Sudan","Watson",1,"5/18/2006","House Hearings","Ingroup",2,0.0305
"2821",1873,"North Korea","Watson",1,"11/15/2006","House Hearings","Ingroup",1,0.0262
"2823",1210,"Russia","Watson",1,"5/5/2008","House","Ingroup",1,0.0118
"2831",1415,"Iraq","Waxman",1,"10/10/2002","House","Ingroup",2,0.01
"2834",2060,"Iran","Webb",1,"3/29/2007","Senate Hearings","Ingroup",1,0.0115
"2844",451,"Russia","Wellstone",1,"2/8/2000","Senate","Ingroup",2,0.0213
"2849",452,"Russia","Wellstone",1,"2/23/2000","Senate","Ingroup",2,0.0152
"2854",2281,"Russia","Wellstone",1,"3/1/2000","Senate Hearings","Ingroup",3,0.0348
"2862",454,"Russia","Wellstone",1,"6/21/2000","Senate","Ingroup",1,0.0085
"2867",453,"Russia","Wellstone",1,"7/21/2000","Senate","Ingroup",3,0.0288
"2871",2174,"Iraq","Wellstone",1,"3/1/2001","Senate Hearings","Ingroup",4,0.0201
"2873",1994,"Afghanistan","Wellstone",1,"12/6/2001","Senate Hearings","Ingroup",1,0.014
"2875",2208,"Iraq","Wellstone",1,"7/31/2002","Senate Hearings","Ingroup",1,0.0471
"2878",455,"Iraq","Wellstone",1,"10/3/2002","Senate","Ingroup",1,0.0055
"2882",506,"Iraq","Wellstone",1,"10/7/2002","Senate","Ingroup",2,0.0227
"2886",457,"Kosovo","Wellstone",1,"9/23/1998","Senate","Ingroup",8,0.056
"2891",456,"Kosovo","Wellstone",1,"10/8/1998","Senate","Ingroup",1,0.0084
"2895",2274,"Russia","Wellstone",1,"11/4/1999","Senate Hearings","Ingroup",2,0.0494
"2907",1361,"Sudan","Woolsey",1,"2/8/2007","House Hearings","Ingroup",2,0.0763
"2916",1006,"Libya","Woolsey",1,"6/3/2011","House","Ingroup",1,0.0312
"2919",1728,"Afghanistan","Wu",1,"9/14/2001","House","Ingroup",1,0.029
"2933",510,"Iraq","Wyden",1,"10/7/2002","Senate","Ingroup",1,0.0047
"2939",1557,"Iraq","Wynn",1,"10/9/2002","House","Ingroup",1,0.0074
"2944",1223,"Iraq","Aderholt",0,"10/9/2002","House","Ingroup",1,0.0187
"2945",52,"North Korea","Akaka",0,"10/1/1999","Senate","Ingroup",1,0.0149
"2947",17,"Iraq","Akaka",0,"4/10/2002","Senate","Ingroup",1,0.0151
"2951",431,"Iraq","Akaka",0,"10/10/2002","Senate","Ingroup",2,0.0085
"2954",1220,"Iran","Akin",0,"5/20/2009","House","Ingroup",4,0.0167
"2956",1765,"Iran","Akin",0,"9/25/2009","House","Ingroup",4,0.0507
"2960",2135,"Sudan","Alexander",0,"6/15/2004","Senate Hearings","Ingroup",2,0.0115
"2965",502,"Iraq","Allard",0,"10/7/2002","Senate","Ingroup",3,0.0159
"2969",361,"Iraq","AllenVA",0,"10/7/2002","Senate","Ingroup",10,0.0413
"2972",2339,"North Korea","AllenVA",0,"2/4/2003","Senate Hearings","Ingroup",1,0.0198
"2976",351,"Syria","AllenVA",0,"11/11/2003","Senate","Ingroup",3,0.0145
"2982",1720,"Afghanistan","Armey",0,"9/14/2001","House","Ingroup",2,0.0193
"2986",1435,"Iraq","Armey",0,"10/10/2002","House","Ingroup",2,0.013
"2991",2422,"Sudan","Ashcroft",0,"5/15/1997","Senate Hearings","Ingroup",8,0.0191
"2997",1845,"Russia","Ballenger",0,"5/12/1999","House Hearings","Ingroup",1,0.0291
"3005",467,"Iran","Bartlett",0,"7/10/2008","House","Ingroup",4,0.0063
"3008",1224,"Iraq","Bass",0,"10/9/2002","House","Ingroup",1,0.0339
"3011",358,"Iraq","Bennett",0,"10/7/2002","Senate","Ingroup",2,0.0097
"3017",558,"Iraq","Bennett",0,"2/27/2003","Senate","Ingroup",2,0.0157
"3021",7,"Iraq","Bennett",0,"3/6/2003","Senate","Ingroup",1,0.0076
"3025",53,"Kosovo","Bennett",0,"3/19/1999","Senate","Ingroup",5,0.0308
"3031",1912,"Russia","Bereuter",0,"10/6/1999","House Hearings","Ingroup",1,0.054
"3034",980,"North Korea","Bereuter",0,"10/13/1999","House Hearings","Ingroup",2,0.0295
"3040",1221,"Iran","BishopUT",0,"5/20/2009","House","Ingroup",1,0.0141
"3043",1766,"Iran","BishopUT",0,"9/25/2009","House","Ingroup",2,0.0114
"3047",20,"Iran","Blunt",0,"3/17/2011","Senate","Ingroup",1,0.0077
"3050",1462,"Iraq","Boehlert",0,"10/9/2002","House","Ingroup",2,0.0379
"3052",1567,"Afghanistan","Boehner",0,"9/14/2001","House","Ingroup",1,0.0453
"3055",1225,"Iraq","Boehner",0,"10/9/2002","House","Ingroup",2,0.0298
"3059",720,"Iran","Boehner",0,"4/26/2006","House","Ingroup",3,0.1649
"3061",1027,"Libya","Boehner",0,"6/3/2011","House","Ingroup",1,0.0162
"3067",23,"Iraq","Bond",0,"10/9/2002","Senate","Ingroup",1,0.0114
"3070",22,"Iraq","Bond",0,"1/29/2003","Senate","Ingroup",3,0.0145
"3075",21,"Iraq","Bond",0,"1/29/1998","Senate","Ingroup",1,0.0203
"3086",1464,"Iraq","Bono",0,"10/9/2002","House","Ingroup",3,0.0678
"3090",769,"Iraq","Brady",0,"3/19/2003","House","Ingroup",13,0.0634
"3097",2161,"Iraq","Brownback",0,"3/22/2000","Senate Hearings","Ingroup",3,0.0112
"3101",2168,"Iraq","Brownback",0,"6/28/2000","Senate Hearings","Ingroup",5,0.0241
"3104",2173,"Iraq","Brownback",0,"3/1/2001","Senate Hearings","Ingroup",5,0.022
"3110",2487,"Sudan","Brownback",0,"6/11/2002","Senate Hearings","Ingroup",1,0.0132
"3114",30,"North Korea","Brownback",0,"7/15/2002","Senate","Ingroup",6,0.0296
"3124",2393,"North Korea","Brownback",0,"3/6/2003","Senate Hearings","Ingroup",3,0.0193
"3129",2140,"Sudan","Brownback",0,"6/15/2004","Senate Hearings","Ingroup",1,0.022
"3132",2363,"North Korea","Brownback",0,"7/15/2004","Senate Hearings","Ingroup",3,0.0275
"3136",31,"Sudan","Brownback",0,"7/22/2004","Senate","Ingroup",2,0.018
"3140",2470,"Sudan","Brownback",0,"9/9/2004","Senate Hearings","Ingroup",1,0.0063
"3145",38,"North Korea","Brownback",0,"9/24/2004","Senate","Ingroup",6,0.0438
"3151",33,"Iraq","Brownback",0,"3/1/2005","Senate","Ingroup",2,0.0481
"3155",34,"Sudan","Brownback",0,"3/1/2005","Senate","Ingroup",1,0.0064
"3159",35,"Russia","Brownback",0,"3/15/2005","Senate","Ingroup",2,0.0351
"3163",37,"Sudan","Brownback",0,"10/19/2005","Senate","Ingroup",1,0.0108
"3166",28,"North Korea","Brownback",0,"7/13/2006","Senate","Ingroup",1,0.008
"3170",29,"Iran","Brownback",0,"9/7/2006","Senate","Ingroup",1,0.0146
"3173",39,"Sudan","Brownback",0,"9/14/2006","Senate","Ingroup",2,0.0296
"3177",49,"Sudan","Brownback",0,"10/25/2007","Senate","Ingroup",2,0.0354
"3181",59,"North Korea","Brownback",0,"4/29/2008","Senate","Ingroup",9,0.0352
"3186",62,"North Korea","Brownback",0,"6/27/2008","Senate","Ingroup",4,0.0208
"3192",2025,"Iran","Brownback",0,"5/14/1998","Senate Hearings","Ingroup",1,0.0059
"3194",330,"Iran","Brownback",0,"5/22/1998","Senate","Ingroup",1,0.0112
"3198",26,"Sudan","Brownback",0,"2/3/1999","Senate","Ingroup",3,0.031
"3202",291,"Kosovo","Brownback",0,"3/23/1999","Senate","Ingroup",1,0.0136
"3207",1454,"Iraq","Bryant",0,"10/10/2002","House","Ingroup",1,0.0244
"3210",317,"Kosovo","Bunning",0,"3/19/1999","Senate","Ingroup",1,0.0108
"3213",290,"Kosovo","Bunning",0,"3/23/1999","Senate","Ingroup",2,0.0202
"3217",509,"Iraq","Burns",0,"10/7/2002","Senate","Ingroup",2,0.0146
"3221",2103,"Iraq","Burns",0,"5/21/1998","Senate Hearings","Ingroup",1,0.0109
"3225",1466,"Iraq","Burr",0,"10/9/2002","House","Ingroup",3,0.0448
"3230",1862,"North Korea","Burton",0,"6/29/2006","House Hearings","Ingroup",1,0.015
"3233",1146,"Iran","Burton",0,"7/9/2008","House Hearings","Ingroup",4,0.0278
"3237",574,"Iran","Burton",0,"2/23/2010","House","Ingroup",2,0.0337
"3239",572,"Iran","Burton",0,"4/15/2010","House","Ingroup",1,0.0137
"3246",1274,"Libya","Burton",0,"5/25/2011","House Hearings","Ingroup",4,0.0576
"3251",1062,"Libya","Burton",0,"6/24/2011","House","Ingroup",1,0.0111
"3252",1967,"Russia","Burton",0,"7/7/2011","House Hearings","Ingroup",1,0.0572
"3255",1621,"Afghanistan","Buyer",0,"9/14/2001","House","Ingroup",2,0.1034
"3263",578,"Iraq","Buyer",0,"3/6/2003","House","Ingroup",2,0.0048
"3266",1467,"Iraq","Callahan",0,"10/9/2002","House","Ingroup",1,0.042
"3268",1762,"Afghanistan","Camp",0,"9/14/2001","House","Ingroup",1,0.0408
"3272",1230,"Iraq","Camp",0,"10/9/2002","House","Ingroup",3,0.0297
"3275",2329,"North Korea","CampbellJ",0,"3/1/2011","Senate Hearings","Ingroup",4,0.0154
"3279",2285,"North Korea","Campbell",0,"9/10/1998","Senate Hearings","Ingroup",1,0.0037
"3283",1848,"Russia","CampbellT",0,"5/12/1999","House Hearings","Ingroup",5,0.0435
"3288",1914,"Russia","CampbellT",0,"10/6/1999","House Hearings","Ingroup",1,0.0093
"3289",2104,"Iraq","Campbell",0,"5/21/1998","Senate Hearings","Ingroup",1,0.046
"3290",1569,"Afghanistan","Cantor",0,"9/14/2001","House","Ingroup",2,0.1327
"3297",718,"Iran","Cantor",0,"4/26/2006","House","Ingroup",1,0.0286
"3300",2344,"North Korea","Carter",0,"2/4/2003","Senate Hearings","Ingroup",2,0.0053
"3304",2394,"North Korea","Carter",0,"3/6/2003","Senate Hearings","Ingroup",3,0.0054
"3308",2364,"North Korea","Carter",0,"7/15/2004","Senate Hearings","Ingroup",6,0.0119
"3315",1471,"Iraq","Castle",0,"10/9/2002","House","Ingroup",2,0.0309
"3318",1678,"Afghanistan","Chabot",0,"9/14/2001","House","Ingroup",1,0.0677
"3323",1931,"North Korea","Chabot",0,"4/28/2005","House Hearings","Ingroup",1,0.0204
"3324",1390,"Iran","Chabot",0,"3/6/2007","House Hearings","Ingroup",1,0.0411
"3328",945,"Iran","Chabot",0,"7/27/2011","House Hearings","Ingroup",11,0.0462
"3331",908,"Iran","Chabot",0,"10/14/2011","House Hearings","Ingroup",1,0.0105
"3333",797,"North Korea","Chabot",0,"2/15/2013","House","Ingroup",1,0.0435
"3338",2186,"Iraq","Chafee",0,"7/31/2002","Senate Hearings","Ingroup",3,0.0285
"3345",353,"Syria","Chafee",0,"11/11/2003","Senate","Ingroup",1,0.0253
"3350",1468,"Iraq","Chambliss",0,"10/9/2002","House","Ingroup",1,0.0193
"3355",492,"Syria","Coats",0,"9/9/2013","Senate","Ingroup",1,0.0054
"3360",2012,"Syria","Coleman",0,"10/30/2003","Senate Hearings","Ingroup",1,0.0172
"3372",466,"Iraq","Collins",0,"10/10/2002","Senate","Ingroup",5,0.0248
"3374",68,"Iran","Collins",0,"5/22/2013","Senate","Ingroup",1,0.0246
"3378",69,"Syria","Collins",0,"9/11/2013","Senate","Ingroup",4,0.0186
"3383",1276,"Libya","ConnollyVA",0,"5/25/2011","House Hearings","Ingroup",3,0.0521
"3386",1029,"Libya","ConnollyVA",0,"6/3/2011","House","Ingroup",1,0.0256
"3389",910,"Iran","ConnollyVA",0,"10/14/2011","House Hearings","Ingroup",2,0.0358
"3392",1288,"North Korea","Cooksey",0,"3/16/2000","House Hearings","Ingroup",1,0.0065
"3393",1849,"Russia","Cooksey",0,"5/12/1999","House Hearings","Ingroup",3,0.0309
"3395",1916,"Russia","Cooksey",0,"10/6/1999","House Hearings","Ingroup",2,0.0155
"3396",983,"North Korea","Cooksey",0,"10/13/1999","House Hearings","Ingroup",1,0.0134
"3399",243,"Syria","Cornyn",0,"3/15/2012","Senate","Ingroup",2,0.0165
"3403",235,"Syria","Cornyn",0,"9/11/2013","Senate","Ingroup",1,0.0038
"3405",1348,"Sudan","Costa",0,"2/8/2007","House Hearings","Ingroup",1,0.2398
"3408",1315,"Iraq","Cox",0,"10/10/2002","House","Ingroup",2,0.0178
"3410",984,"North Korea","Cox",0,"10/13/1999","House Hearings","Ingroup",1,0.0036
"3416",1234,"Iraq","Crane",0,"10/9/2002","House","Ingroup",2,0.0542
"3419",1449,"Iraq","Crane",0,"10/10/2002","House","Ingroup",2,0.0241
"3424",1421,"Iraq","Cubin",0,"10/10/2002","House","Ingroup",1,0.0281
"3426",1104,"Kosovo","Cunningham",0,"3/17/1998","House","Ingroup",1,0.0291
"3429",1476,"Iraq","Cunningham",0,"10/9/2002","House","Ingroup",4,0.0602
"3431",1683,"Afghanistan","DavisT",0,"9/14/2001","House","Ingroup",2,0.115
"3433",1258,"Iraq","DavisT",0,"10/9/2002","House","Ingroup",1,0.0227
"3438",1433,"Iraq","Delay",0,"10/10/2002","House","Ingroup",1,0.0118
"3448",621,"Syria","Dent",0,"9/10/2013","House","Ingroup",3,0.0111
"3450",688,"Syria","Dent",0,"9/10/2013","House","Ingroup",2,0.0729
"3454",465,"Iraq","DeWine",0,"10/10/2002","Senate","Ingroup",3,0.0102
"3459",80,"Sudan","DeWine",0,"5/6/2004","Senate","Ingroup",1,0.0172
"3465",1558,"Afghanistan","Diaz-Balart",0,"9/14/2001","House","Ingroup",7,0.2241
"3470",2159,"Kosovo","Dole",0,"6/24/1998","Senate Hearings","Ingroup",3,0.008
"3475",87,"Iran","Domenici",0,"2/22/2000","Senate","Ingroup",2,0.0202
"3483",2105,"Iraq","Domenici",0,"5/21/1998","Senate Hearings","Ingroup",1,0.0102
"3487",335,"Iran","Domenici",0,"5/22/1998","Senate","Ingroup",2,0.0119
"3490",91,"Kosovo","Domenici",0,"10/5/1998","Senate","Ingroup",3,0.0772
"3493",88,"Kosovo","Domenici",0,"10/7/1998","Senate","Ingroup",2,0.0198
"3500",1594,"Afghanistan","Dreier",0,"9/14/2001","House","Ingroup",1,0.0377
"3502",598,"Russia","Dreier",0,"9/16/2009","House","Ingroup",1,0.0631
"3507",596,"Russia","Dreier",0,"1/19/2011","House","Ingroup",2,0.0297
"3512",597,"Russia","Dreier",0,"6/22/2011","House","Ingroup",1,0.0147
"3514",1090,"Libya","Dreier",0,"6/24/2011","House","Ingroup",3,0.1114
"3520",603,"Iraq","Duncan",0,"2/26/2003","House","Ingroup",2,0.0268
"3525",602,"Iraq","Duncan",0,"2/12/1998","House","Ingroup",1,0.0542
"3528",604,"Kosovo","Duncan",0,"10/5/1998","House","Ingroup",5,0.0841
"3532",1418,"Iraq","Ehlers",0,"10/10/2002","House","Ingroup",2,0.0256
"3536",2423,"Sudan","Emerson",0,"5/15/1997","Senate Hearings","Ingroup",13,0.0296
"3548",473,"Iraq","Ensign",0,"10/10/2002","Senate","Ingroup",2,0.009
"3553",527,"Iraq","Enzi",0,"10/9/2002","Senate","Ingroup",2,0.0071
"3565",2126,"Iran","Fitzpatrick",0,"3/3/2009","Senate Hearings","Ingroup",2,0.0099
"3569",2331,"North Korea","FlakeGL",0,"3/1/2011","Senate Hearings","Ingroup",8,0.0248
"3579",1756,"Afghanistan","Forbes",0,"9/14/2001","House","Ingroup",2,0.0425
"3585",1879,"North Korea","Fortenberry",0,"11/15/2006","House Hearings","Ingroup",2,0.0967
"3586",1948,"Russia","Fortenberry",0,"11/9/2008","House Hearings","Ingroup",1,0.0508
"3588",1014,"Libya","Fortenberry",0,"6/3/2011","House","Ingroup",1,0.0306
"3593",620,"Syria","Fortenberry",0,"9/10/2013","House","Ingroup",2,0.0137
"3598",622,"Iran","Foxx",0,"11/15/2006","House","Ingroup",2,0.0957
"3602",628,"Iran","Franks",0,"9/15/2005","House","Ingroup",2,0.0114
"3606",629,"Iran","Franks",0,"9/29/2008","House","Ingroup",6,0.0342
"3614",627,"Iran","Franks",0,"3/25/2010","House","Ingroup",5,0.013
"3618",625,"Iran","Franks",0,"8/2/2012","House","Ingroup",5,0.0183
"3626",217,"Sudan","Frist",0,"3/2/2000","Senate","Ingroup",2,0.0098
"3629",2483,"Sudan","Frist",0,"6/11/2002","Senate Hearings","Ingroup",2,0.0125
"3633",518,"Iraq","Frist",0,"10/9/2002","Senate","Ingroup",1,0.0049
"3637",216,"Sudan","Frist",0,"6/25/2004","Senate","Ingroup",2,0.0427
"3640",2464,"Sudan","Frist",0,"9/9/2004","Senate Hearings","Ingroup",2,0.0192
"3643",220,"Sudan","Frist",0,"10/1/2004","Senate","Ingroup",1,0.0082
"3648",213,"Sudan","Frist",0,"12/8/2004","Senate","Ingroup",7,0.0393
"3652",221,"Sudan","Frist",0,"10/24/2005","Senate","Ingroup",2,0.0274
"3656",219,"Sudan","Frist",0,"5/1/2006","Senate","Ingroup",2,0.0161
"3658",215,"North Korea","Frist",0,"7/25/2006","Senate","Ingroup",1,0.009
"3662",1491,"Iraq","Gallegly",0,"10/9/2002","House","Ingroup",2,0.0266
"3665",859,"Sudan","Garrett",0,"7/30/2007","House","Ingroup",4,0.0463
"3672",1366,"Iraq","Gejdenson",0,"3/23/2000","House Hearings","Ingroup",1,0.0104
"3675",1197,"Russia","Gejdenson",0,"9/27/2000","House Hearings","Ingroup",3,0.034
"3678",1817,"Russia","Gejdenson",0,"9/27/2000","House Hearings","Ingroup",3,0.035
"3681",1852,"Russia","Gejdenson",0,"5/12/1999","House Hearings","Ingroup",3,0.0174
"3684",1918,"Russia","Gejdenson",0,"10/6/1999","House Hearings","Ingroup",4,0.0253
"3686",986,"North Korea","Gejdenson",0,"10/13/1999","House Hearings","Ingroup",2,0.0376
"3689",1492,"Iraq","Gekas",0,"10/9/2002","House","Ingroup",2,0.0564
"3697",1420,"Iraq","Gillmor",0,"10/10/2002","House","Ingroup",1,0.0231
"3702",1102,"Kosovo","Gilman",0,"3/17/1998","House","Ingroup",3,0.0574
"3705",1290,"North Korea","Gilman",0,"3/16/2000","House Hearings","Ingroup",6,0.0415
"3709",1367,"Iraq","Gilman",0,"3/23/2000","House Hearings","Ingroup",2,0.0124
"3712",1198,"Russia","Gilman",0,"9/27/2000","House Hearings","Ingroup",3,0.0192
"3715",1818,"Russia","Gilman",0,"9/27/2000","House Hearings","Ingroup",2,0.014
"3717",1694,"Afghanistan","Gilman",0,"9/14/2001","House","Ingroup",2,0.0853
"3719",636,"Iraq","Gilman",0,"8/3/1998","House","Ingroup",2,0.0302
"3721",789,"Iran","Gilman",0,"8/3/1998","House","Ingroup",2,0.0321
"3723",638,"Iraq","Gilman",0,"10/5/1998","House","Ingroup",1,0.0101
"3727",1853,"Russia","Gilman",0,"5/12/1999","House Hearings","Ingroup",6,0.0265
"3730",1919,"Russia","Gilman",0,"10/6/1999","House Hearings","Ingroup",8,0.04
"3734",987,"North Korea","Gilman",0,"10/13/1999","House Hearings","Ingroup",6,0.0295
"3735",1625,"Afghanistan","Goodlatte",0,"9/14/2001","House","Ingroup",1,0.0651
"3741",874,"Sudan","Goodlatte",0,"7/30/2007","House","Ingroup",1,0.0181
"3746",222,"Kosovo","Gorton",0,"3/19/1999","Senate","Ingroup",1,0.0139
"3749",288,"Kosovo","Gorton",0,"3/23/1999","Senate","Ingroup",1,0.0281
"3752",643,"Syria","Gosar",0,"9/10/2013","House","Ingroup",1,0.048
"3758",379,"Iraq","GrahamFL",0,"10/9/2002","Senate","Ingroup",13,0.0351
"3765",223,"Syria","GrahamFL",0,"11/20/2003","Senate","Ingroup",2,0.0455
"3769",224,"Iraq","Grams",0,"2/27/1998","Senate","Ingroup",2,0.0084
"3774",226,"Kosovo","Grams",0,"3/24/1999","Senate","Ingroup",1,0.0204
"3777",378,"Iraq","Grassley",0,"10/9/2002","Senate","Ingroup",1,0.0056
"3779",1237,"Iraq","Graves",0,"10/9/2002","House","Ingroup",2,0.0511
"3785",1495,"Iraq","Greenwood",0,"10/9/2002","House","Ingroup",3,0.0375
"3789",501,"Iraq","Gregg",0,"10/7/2002","Senate","Ingroup",2,0.0089
"3796",227,"Iraq","Gregg",0,"2/12/1998","Senate","Ingroup",3,0.0109
"3800",228,"Kosovo","Gregg",0,"3/19/1999","Senate","Ingroup",2,0.0089
"3804",1083,"Libya","GriffinAR",0,"6/24/2011","House","Ingroup",2,0.0833
"3806",1692,"Afghanistan","Grucci",0,"9/14/2001","House","Ingroup",1,0.0568
"3809",645,"Iraq","Grucci",0,"9/25/2002","House","Ingroup",3,0.0461
"3812",2001,"Afghanistan","Hagel",0,"6/26/2002","Senate Hearings","Ingroup",2,0.0181
"3819",2466,"Sudan","Hagel",0,"9/9/2004","Senate Hearings","Ingroup",3,0.0588
"3823",2056,"Iran","Hagel",0,"3/29/2007","Senate Hearings","Ingroup",1,0.0128
"3826",2047,"Iran","Hagel",0,"7/9/2008","Senate Hearings","Ingroup",1,0.0079
"3829",2106,"Iraq","Hagel",0,"5/21/1998","Senate Hearings","Ingroup",1,0.0119
"3831",1642,"Afghanistan","Hansen",0,"9/14/2001","House","Ingroup",1,0.0381
"3834",1559,"Afghanistan","Hastert",0,"9/14/2001","House","Ingroup",1,0.0169
"3839",363,"Iraq","Hatch",0,"10/7/2002","Senate","Ingroup",6,0.0183
"3846",197,"Iran","Helms",0,"2/22/2000","Senate","Ingroup",1,0.0057
"3849",2280,"Russia","Helms",0,"3/1/2000","Senate Hearings","Ingroup",2,0.0132
"3853",2288,"North Korea","Helms",0,"5/23/2001","Senate Hearings","Ingroup",2,0.019
"3855",1991,"Afghanistan","Helms",0,"12/6/2001","Senate Hearings","Ingroup",2,0.0197
"3862",285,"Iraq","Helms",0,"10/7/1998","Senate","Ingroup",4,0.0798
"3866",2145,"Iraq","Helms",0,"9/28/1999","Senate Hearings","Ingroup",1,0.005
"3870",1497,"Iraq","Herger",0,"10/9/2002","House","Ingroup",1,0.0197
"3878",1864,"North Korea","Hill",0,"6/29/2006","House Hearings","Ingroup",10,0.0194
"3882",2367,"North Korea","Hill",0,"7/20/2006","Senate Hearings","Ingroup",26,0.0221
"3886",1729,"Afghanistan","Hilleary",0,"9/14/2001","House","Ingroup",2,0.0655
"3891",1499,"Iraq","Hoekstra",0,"10/9/2002","House","Ingroup",1,0.022
"3895",1442,"Iraq","Houghton",0,"10/10/2002","House","Ingroup",2,0.0352
"3898",1238,"Iraq","Hulshof",0,"10/9/2002","House","Ingroup",1,0.017
"3901",1425,"Iraq","Hunter",0,"10/10/2002","House","Ingroup",1,0.0667
"3907",579,"Iraq","Hunter",0,"3/6/2003","House","Ingroup",2,0.0065
"3911",524,"Iraq","HutchinsonT",0,"10/9/2002","Senate","Ingroup",3,0.0109
"3915",230,"Iraq","HutchinsonT",0,"2/25/1998","Senate","Ingroup",3,0.0214
"3922",374,"Iraq","Hutchison",0,"10/9/2002","Senate","Ingroup",2,0.016
"3926",205,"Libya","Hutchison",0,"7/5/2011","Senate","Ingroup",3,0.0248
"3929",189,"Iraq","Hutchison",0,"2/12/1998","Senate","Ingroup",1,0.0144
"3931",89,"Kosovo","Hutchison",0,"10/7/1998","Senate","Ingroup",1,0.0178
"3934",245,"Kosovo","Hutchison",0,"3/22/1999","Senate","Ingroup",5,0.0167
"3942",1297,"Iraq","Hyde",0,"10/10/2002","House","Ingroup",1,0.0058
"3945",1897,"Sudan","Hyde",0,"6/22/2005","House Hearings","Ingroup",3,0.0319
"3949",1868,"North Korea","Hyde",0,"11/15/2006","House Hearings","Ingroup",2,0.029
"3952",530,"Iraq","Inhofe",0,"10/9/2002","Senate","Ingroup",5,0.0162
"3955",233,"Syria","Inhofe",0,"9/9/2013","Senate","Ingroup",5,0.0389
"3957",286,"Kosovo","Inhofe",0,"3/23/1999","Senate","Ingroup",1,0.0071
"3962",1239,"Iraq","Issa",0,"10/9/2002","House","Ingroup",3,0.0366
"3966",1003,"Libya","JohnsonIL",0,"6/3/2011","House","Ingroup",2,0.0469
"3973",684,"Kosovo","Kelly",0,"3/24/1998","House","Ingroup",1,0.0183
"3978",683,"Kosovo","Kelly",0,"5/22/1998","House","Ingroup",1,0.0289
"3982",680,"Kosovo","Kelly",0,"6/5/1998","House","Ingroup",1,0.0196
"3987",681,"Kosovo","Kelly",0,"6/25/1998","House","Ingroup",1,0.0215
"3991",1431,"Iraq","KennedyMN",0,"10/10/2002","House","Ingroup",1,0.0104
"3994",1575,"Afghanistan","Kerns",0,"9/14/2001","House","Ingroup",1,0.06
"3999",687,"Syria","KingIA",0,"9/10/2013","House","Ingroup",4,0.0094
"4002",1244,"Iraq","Kingston",0,"10/9/2002","House","Ingroup",8,0.0384
"4007",689,"North Korea","Kinzinger",0,"4/16/2012","House","Ingroup",1,0.0599
"4014",690,"Iran","Kirk",0,"6/8/2005","House","Ingroup",12,0.0452
"4017",692,"Iran","Kirk",0,"12/5/2006","House","Ingroup",6,0.0264
"4018",693,"Iran","Kirk",0,"7/30/2008","House","Ingroup",1,0.0763
"4022",253,"Iran","Kirk",0,"10/13/2011","Senate","Ingroup",3,0.0195
"4024",1592,"Afghanistan","Knollenberg",0,"9/14/2001","House","Ingroup",1,0.0729
"4027",989,"North Korea","Knollenberg",0,"10/13/1999","House Hearings","Ingroup",5,0.0276
"4032",254,"Sudan","Kohl",0,"12/6/2006","Senate","Ingroup",1,0.0127
"4037",1584,"Afghanistan","Kolbe",0,"9/14/2001","House","Ingroup",1,0.0367
"4041",200,"Iran","Kyl",0,"2/22/2000","Senate","Ingroup",2,0.0204
"4048",359,"Iraq","Kyl",0,"10/7/2002","Senate","Ingroup",5,0.0121
"4052",436,"Iraq","Kyl",0,"10/10/2002","Senate","Ingroup",2,0.025
"4056",388,"North Korea","Kyl",0,"1/10/2003","Senate","Ingroup",2,0.0045
"4059",257,"North Korea","Kyl",0,"1/15/2003","Senate","Ingroup",1,0.004
"4063",261,"Iraq","Kyl",0,"1/30/2003","Senate","Ingroup",3,0.0082
"4065",499,"Iran","Kyl",0,"9/24/2007","Senate","Ingroup",6,0.033
"4067",258,"North Korea","Kyl",0,"6/4/2009","Senate","Ingroup",1,0.0095
"4073",264,"Iran","Kyl",0,"9/19/2011","Senate","Ingroup",1,0.018
"4076",259,"Iraq","Kyl",0,"3/2/1998","Senate","Ingroup",2,0.0073
"4082",256,"Iraq","Kyl",0,"8/31/1998","Senate","Ingroup",4,0.0163
"4087",1623,"Afghanistan","Largent",0,"9/14/2001","House","Ingroup",1,0.0206
"4092",1725,"Afghanistan","Leach",0,"9/14/2001","House","Ingroup",1,0.0093
"4097",1517,"Iraq","Leach",0,"10/9/2002","House","Ingroup",6,0.0057
"4102",1936,"North Korea","Leach",0,"4/28/2005","House Hearings","Ingroup",2,0.0136
"4106",719,"Iran","Leach",0,"4/26/2006","House","Ingroup",3,0.0108
"4110",1866,"North Korea","Leach",0,"6/29/2006","House Hearings","Ingroup",6,0.0265
"4118",1855,"Russia","Leach",0,"5/12/1999","House Hearings","Ingroup",1,0.0076
"4120",1923,"Russia","Leach",0,"10/6/1999","House Hearings","Ingroup",1,0.0306
"4123",1805,"North Korea","Leach",0,"2/17/2005","House Hearings","Ingroup",1,0.0027
"4127",2119,"Iran","LeeUT",0,"7/25/2012","Senate Hearings","Ingroup",1,0.027
"4134",489,"Iraq","Lincoln",0,"10/10/2002","Senate","Ingroup",1,0.0127
"4136",1714,"Afghanistan","Linder",0,"9/14/2001","House","Ingroup",3,0.117
"4143",192,"Iran","Lott",0,"2/22/2000","Senate","Ingroup",1,0.0058
"4147",186,"Iraq","Lott",0,"2/12/1998","Senate","Ingroup",3,0.0142
"4149",283,"Iraq","Lott",0,"2/25/1998","Senate","Ingroup",2,0.0295
"4152",329,"Iran","Lott",0,"5/22/1998","Senate","Ingroup",1,0.008
"4155",284,"Iraq","Lott",0,"10/7/1998","Senate","Ingroup",2,0.0322
"4158",1519,"Iraq","Lucas",0,"10/9/2002","House","Ingroup",2,0.0366
"4160",294,"Libya","Mack",0,"4/25/2000","Senate","Ingroup",1,0.0407
"4164",1280,"Libya","Manzullo",0,"5/25/2011","House Hearings","Ingroup",1,0.0455
"4171",308,"Russia","McCain",0,"9/20/2002","Senate","Ingroup",3,0.0223
"4173",5,"Iraq","McCain",0,"10/2/2002","Senate","Ingroup",2,0.0239
"4177",367,"Iraq","McCain",0,"10/8/2002","Senate","Ingroup",2,0.0081
"4181",381,"Iraq","McCain",0,"10/9/2002","Senate","Ingroup",4,0.0117
"4185",404,"Iraq","McCain",0,"10/10/2002","Senate","Ingroup",4,0.0068
"4193",309,"Russia","McCain",0,"9/21/2004","Senate","Ingroup",2,0.0229
"4199",304,"Libya","McCain",0,"3/14/2011","Senate","Ingroup",1,0.0043
"4202",298,"Libya","McCain",0,"6/21/2011","Senate","Ingroup",1,0.0072
"4207",300,"Syria","McCain",0,"5/9/2013","Senate","Ingroup",2,0.0128
"4211",297,"Syria","McCain",0,"7/31/2013","Senate","Ingroup",1,0.0053
"4215",295,"Iraq","McCain",0,"2/9/1998","Senate","Ingroup",3,0.0194
"4220",296,"Iraq","McCain",0,"2/12/1998","Senate","Ingroup",1,0.0089
"4223",310,"Kosovo","McCain",0,"9/23/1998","Senate","Ingroup",1,0.005
"4233",485,"Iraq","McConnell",0,"10/10/2002","Senate","Ingroup",3,0.0254
"4237",349,"Syria","McConnell",0,"11/11/2003","Senate","Ingroup",1,0.0103
"4244",312,"Syria","McConnell",0,"9/10/2013","Senate","Ingroup",3,0.0083
"4249",313,"Kosovo","McConnell",0,"9/24/1998","Senate","Ingroup",6,0.0411
"4255",765,"Iraq","McInnis",0,"9/9/2002","House","Ingroup",6,0.0082
"4259",766,"Iraq","McInnis",0,"3/11/2003","House","Ingroup",6,0.0089
"4263",767,"Iraq","McInnis",0,"3/18/2003","House","Ingroup",13,0.0206
"4268",768,"Iraq","McInnis",0,"3/19/2003","House","Ingroup",11,0.02
"4271",1764,"Iran","McKeon",0,"9/25/2009","House","Ingroup",1,0.009
"4278",1527,"Iraq","MillerD",0,"10/9/2002","House","Ingroup",2,0.019
"4285",1529,"Iraq","MillerJ",0,"10/9/2002","House","Ingroup",2,0.0528
"4292",1605,"Iran","MoranKS",0,"10/13/2009","House","Ingroup",1,0.0259
"4294",779,"Iran","MoranKS",0,"12/15/2009","House","Ingroup",1,0.0291
"4298",780,"Iran","MoranKS",0,"3/16/2010","House","Ingroup",2,0.0281
"4303",315,"Iran","MoranKS",0,"4/17/2012","Senate","Ingroup",1,0.0085
"4305",1674,"Afghanistan","Morella",0,"9/14/2001","House","Ingroup",2,0.1026
"4308",1530,"Iraq","Morella",0,"10/9/2002","House","Ingroup",2,0.0383
"4310",320,"Iraq","MurkowskiF",0,"3/4/2002","Senate","Ingroup",1,0.0068
"4314",321,"Iraq","MurkowskiF",0,"3/12/2002","Senate","Ingroup",2,0.0065
"4317",318,"Iraq","MurkowskiF",0,"9/5/2002","Senate","Ingroup",3,0.0272
"4320",2374,"North Korea","MurkowskiL",0,"7/20/2006","Senate Hearings","Ingroup",1,0.0157
"4323",382,"Iraq","MurkowskiF",0,"3/9/1998","Senate","Ingroup",2,0.0112
"4327",208,"Iraq","MurkowskiF",0,"3/12/1998","Senate","Ingroup",1,0.0063
"4331",2109,"Iraq","MurkowskiF",0,"5/21/1998","Senate Hearings","Ingroup",5,0.0128
"4338",316,"Kosovo","MurkowskiF",0,"3/19/1999","Senate","Ingroup",1,0.0187
"4343",511,"Iraq","Nickles",0,"10/7/2002","Senate","Ingroup",9,0.042
"4345",412,"Iraq","Nickles",0,"10/10/2002","Senate","Ingroup",1,0.0235
"4347",383,"Iraq","Nickles",0,"3/9/1998","Senate","Ingroup",1,0.0133
"4348",448,"Kosovo","Nickles",0,"10/2/1998","Senate","Ingroup",1,0.0238
"4353",287,"Kosovo","Nickles",0,"3/23/1999","Senate","Ingroup",1,0.0042
"4358",1531,"Iraq","Nussle",0,"10/9/2002","House","Ingroup",2,0.0302
"4362",1439,"Iraq","Ose",0,"10/10/2002","House","Ingroup",1,0.0638
"4366",1446,"Iraq","Otter",0,"10/10/2002","House","Ingroup",4,0.0705
"4371",1333,"Iraq","Oxley",0,"10/10/2002","House","Ingroup",1,0.0581
"4373",1037,"Libya","Palazzo",0,"6/3/2011","House","Ingroup",1,0.0571
"4375",1562,"Afghanistan","Paul",0,"9/14/2001","House","Ingroup",1,0.0183
"4379",807,"Iraq","Paul",0,"9/25/2001","House","Ingroup",1,0.0031
"4392",806,"Iran","Paul",0,"4/5/2006","House","Ingroup",4,0.0068
"4397",711,"Iran","Paul",0,"4/26/2006","House","Ingroup",3,0.0177
"4409",813,"Iran","Paul",0,"7/10/2008","House","Ingroup",1,0.0146
"4433",639,"Iraq","Paul",0,"10/5/1998","House","Ingroup",3,0.0107
"4442",881,"Iraq","Pence",0,"10/9/2001","House","Ingroup",1,0.0545
"4445",1115,"Sudan","Pence",0,"5/2/2002","House","Ingroup",1,0.0077
"4454",884,"Iraq","Pence",0,"3/6/2003","House","Ingroup",32,0.0512
"4458",714,"Iran","Pence",0,"4/26/2006","House","Ingroup",2,0.0201
"4460",1394,"Iran","Pence",0,"3/6/2007","House Hearings","Ingroup",2,0.0265
"4463",1170,"Iran","Pence",0,"7/9/2008","House Hearings","Ingroup",4,0.04
"4467",886,"Iran","Pence",0,"6/16/2009","House","Ingroup",1,0.0129
"4477",1250,"Iraq","Pickering",0,"10/9/2002","House","Ingroup",2,0.0716
"4479",644,"Syria","Pittenger",0,"9/10/2013","House","Ingroup",1,0.0639
"4484",1598,"Afghanistan","Pitts",0,"9/14/2001","House","Ingroup",1,0.0448
"4488",893,"Afghanistan","Pitts",0,"10/3/2001","House","Ingroup",1,0.0412
"4499",896,"Russia","Pitts",0,"4/9/2003","House","Ingroup",3,0.1873
"4503",899,"Sudan","Pitts",0,"6/8/2005","House","Ingroup",1,0.0429
"4508",890,"Sudan","Pitts",0,"6/17/1998","House","Ingroup",1,0.0665
"4513",1445,"Iraq","Platts",0,"10/10/2002","House","Ingroup",5,0.036
"4517",1395,"Iran","Poe",0,"3/6/2007","House Hearings","Ingroup",1,0.0631
"4519",1211,"Russia","Poe",0,"5/5/2008","House","Ingroup",1,0.0135
"4524",925,"Iran","Poe",0,"1/9/2009","House","Ingroup",1,0.051
"4535",1282,"Libya","Poe",0,"5/25/2011","House Hearings","Ingroup",1,0.0255
"4545",931,"Iran","Poe",0,"10/13/2011","House","Ingroup",3,0.0339
"4549",970,"Syria","poe",0,"3/20/2013","House Hearings","Ingroup",1,0.0209
"4551",932,"Syria","Poe",0,"6/19/2013","House","Ingroup",3,0.0512
"4553",933,"Syria","Poe",0,"6/25/2013","House","Ingroup",2,0.0285
"4555",1727,"Afghanistan","Portman",0,"9/14/2001","House","Ingroup",1,0.0452
"4558",1251,"Iraq","Portman",0,"10/9/2002","House","Ingroup",1,0.0174
"4564",1629,"Afghanistan","Putnam",0,"9/14/2001","House","Ingroup",3,0.135
"4567",1443,"Iraq","Putnam",0,"10/10/2002","House","Ingroup",2,0.0267
"4570",1535,"Iraq","Ramstad",0,"10/9/2002","House","Ingroup",1,0.0217
"4574",528,"Iraq","Reed",0,"10/9/2002","Senate","Ingroup",1,0.0017
"4582",916,"Iran","Rivera",0,"10/14/2011","House Hearings","Ingroup",1,0.0182
"4586",201,"Kosovo","Roberts",0,"2/23/2000","Senate","Ingroup",2,0.0138
"4590",516,"Iraq","Roberts",0,"10/9/2002","Senate","Ingroup",3,0.0129
"4593",398,"Iraq","Roberts",0,"2/10/1998","Senate","Ingroup",4,0.0104
"4597",399,"Kosovo","Roberts",0,"7/19/1998","Senate","Ingroup",1,0.0078
"4600",401,"Kosovo","Roberts",0,"9/30/1998","Senate","Ingroup",4,0.0192
"4604",400,"Kosovo","Roberts",0,"3/22/1999","Senate","Ingroup",7,0.0221
"4606",1538,"Iraq","RogersKY",0,"10/9/2002","House","Ingroup",2,0.0453
"4610",1370,"Iraq","Rohrabacher",0,"3/23/2000","House Hearings","Ingroup",1,0.0148
"4614",1205,"Russia","Rohrabacher",0,"9/27/2000","House Hearings","Ingroup",1,0.0242
"4617",1825,"Russia","Rohrabacher",0,"9/27/2000","House Hearings","Ingroup",1,0.0209
"4621",939,"Iraq","Rohrabacher",0,"9/17/2001","House","Ingroup",9,0.014
"4629",1875,"North Korea","Rohrabacher",0,"11/15/2006","House Hearings","Ingroup",1,0.008
"4632",1396,"Iran","Rohrabacher",0,"3/6/2007","House Hearings","Ingroup",2,0.0329
"4634",1174,"Iran","Rohrabacher",0,"7/9/2008","House Hearings","Ingroup",1,0.0174
"4638",1958,"Russia","Rohrabacher",0,"11/9/2008","House Hearings","Ingroup",8,0.0378
"4643",1978,"Russia","Rohrabacher",0,"7/7/2011","House Hearings","Ingroup",1,0.0094
"4647",955,"Iran","Rohrabacher",0,"7/27/2011","House Hearings","Ingroup",5,0.046
"4651",917,"Iran","Rohrabacher",0,"10/14/2011","House Hearings","Ingroup",1,0.0165
"4654",938,"Iraq","Rohrabacher",0,"2/12/1998","House","Ingroup",1,0.0118
"4659",1857,"Russia","Rohrabacher",0,"5/12/1999","House Hearings","Ingroup",2,0.033
"4665",1284,"Libya","Rooney",0,"5/25/2011","House Hearings","Ingroup",2,0.0114
"4673",14,"Iran","Ros-Lehtinen",0,"10/14/2011","House Hearings","Ingroup",8,0.0387
"4676",1206,"Russia","Ros-Lehtinen",0,"9/27/2000","House Hearings","Ingroup",2,0.0427
"4678",1826,"Russia","Ros-Lehtinen",0,"9/27/2000","House Hearings","Ingroup",2,0.0427
"4681",1264,"Syria","Ros-Lehtinen",0,"11/20/2003","House","Ingroup",4,0.0504
"4687",1872,"North Korea","Ros-Lehtinen",0,"11/15/2006","House Hearings","Ingroup",1,0.0258
"4690",1356,"Sudan","Ros-Lehtinen",0,"2/8/2007","House Hearings","Ingroup",3,0.0309
"4695",861,"Sudan","Ros-Lehtinen",0,"7/30/2007","House","Ingroup",1,0.0116
"4699",1176,"Iran","Ros-Lehtinen",0,"7/9/2008","House Hearings","Ingroup",1,0.0057
"4702",1769,"Iran","Ros-Lehtinen",0,"9/26/2008","House","Ingroup",3,0.0155
"4710",941,"Iran","Ros-Lehtinen",0,"10/26/2009","House","Ingroup",1,0.0157
"4715",1175,"Libya","Ros-Lehtinen",0,"3/31/2011","House Hearings","Ingroup",17,0.071
"4718",1285,"Libya","Ros-Lehtinen",0,"5/25/2011","House Hearings","Ingroup",2,0.0116
"4721",995,"Libya","Ros-Lehtinen",0,"6/3/2011","House","Ingroup",1,0.0071
"4726",1979,"Russia","Ros-Lehtinen",0,"7/7/2011","House Hearings","Ingroup",13,0.061
"4728",942,"North Korea","Ros-Lehtinen",0,"12/31/2012","House","Ingroup",3,0.0493
"4729",796,"North Korea","Ros-Lehtinen",0,"2/15/2013","House","Ingroup",1,0.0302
"4733",1583,"Afghanistan","Roukema",0,"9/14/2001","House","Ingroup",4,0.1471
"4737",1341,"Iraq","Royce",0,"10/10/2002","House","Ingroup",1,0.0259
"4743",1806,"North Korea","Royce",0,"2/17/2005","House Hearings","Ingroup",2,0.046
"4751",1612,"North Korea","Royce",0,"9/29/2006","House","Ingroup",2,0.0317
"4754",1876,"North Korea","Royce",0,"11/15/2006","House Hearings","Ingroup",2,0.0692
"4759",2,"Iran","Royce",0,"3/15/2007","House Hearings","Ingroup",3,0.0221
"4763",1960,"Russia","Royce",0,"11/9/2008","House Hearings","Ingroup",1,0.0114
"4767",918,"Iran","Royce",0,"10/14/2011","House Hearings","Ingroup",1,0.0243
"4770",794,"North Korea","Royce",0,"2/15/2013","House","Ingroup",3,0.0242
"4772",973,"Syria","Royce",0,"3/20/2013","House Hearings","Ingroup",2,0.0131
"4777",2336,"North Korea","Rubio",0,"3/1/2011","Senate Hearings","Ingroup",1,0.0077
"4783",2251,"Syria","Rubio",0,"3/1/2012","House Hearings","Ingroup",1,0.0124
"4785",2325,"North Korea","Rubio",0,"3/7/2013","Senate Hearings","Ingroup",1,0.0089
"4789",1540,"Iraq","RyanWI",0,"10/9/2002","House","Ingroup",1,0.0072
"4793",1751,"Afghanistan","RyanWI",0,"9/14/2001","House","Ingroup",1,0.0569
"4795",1586,"Afghanistan","JohnsonS",0,"9/14/2001","House","Ingroup",1,0.086
"4797",421,"Afghanistan","Santorum",0,"6/19/2001","Senate","Ingroup",1,0.0267
"4804",2023,"Iran","Santorum",0,"3/2/2006","Senate Hearings","Ingroup",3,0.026
"4811",417,"North Korea","Santorum",0,"4/27/2006","Senate","Ingroup",2,0.0393
"4814",654,"Iraq","Saxton",0,"1/27/2003","House","Ingroup",1,0.0059
"4817",1980,"Russia","Schmidt",0,"7/7/2011","House Hearings","Ingroup",1,0.0651
"4820",1654,"Afghanistan","Schrock",0,"9/14/2001","House","Ingroup",1,0.0682
"4824",471,"Iraq","Sessions",0,"10/10/2002","Senate","Ingroup",1,0.0026
"4828",1663,"Afghanistan","Shadegg",0,"9/14/2001","House","Ingroup",1,0.056
"4831",1252,"Iraq","Shadegg",0,"10/9/2002","House","Ingroup",1,0.0038
"4835",1253,"Iraq","Shaw",0,"10/9/2002","House","Ingroup",1,0.0314
"4837",1784,"Iran","Shaw",0,"9/28/2006","House","Ingroup",1,0.0786
"4841",1697,"Afghanistan","Shays",0,"9/14/2001","House","Ingroup",1,0.0252
"4844",1095,"Iran","Shays",0,"10/28/2005","House","Ingroup",1,0.0534
"4847",732,"Iran","Shays",0,"4/26/2006","House","Ingroup",2,0.0427
"4850",854,"Iran","Shays",0,"7/30/2007","House","Ingroup",1,0.0317
"4854",863,"Sudan","Shays",0,"7/30/2007","House","Ingroup",1,0.0232
"4861",479,"Iraq","Shelby",0,"10/10/2002","Senate","Ingroup",1,0.0038
"4866",1711,"Afghanistan","Simmons",0,"9/14/2001","House","Ingroup",1,0.1016
"4869",1440,"Iraq","Simpson",0,"10/10/2002","House","Ingroup",1,0.0135
"4884",801,"Russia","SmithNJ",0,"7/19/2004","House","Ingroup",1,0.0101
"4889",1941,"North Korea","SmithNJ",0,"4/28/2005","House Hearings","Ingroup",3,0.013
"4895",1217,"Sudan","SmithNJ",0,"11/1/2005","House Hearings","Ingroup",7,0.0184
"4900",1892,"Sudan","SmithNJ",0,"11/1/2005","House Hearings","Ingroup",7,0.0208
"4903",1885,"Sudan","SmithNJ",0,"3/8/2006","House Hearings","Ingroup",2,0.0201
"4910",531,"Sudan","SmithNJ",0,"4/5/2006","House","Ingroup",5,0.0291
"4913",710,"Iran","SmithNJ",0,"4/26/2006","House","Ingroup",2,0.0234
"4917",1842,"Sudan","SmithNJ",0,"5/18/2006","House Hearings","Ingroup",2,0.0119
"4920",1793,"Sudan","SmithNJ",0,"9/25/2006","House","Ingroup",2,0.0167
"4930",872,"Sudan","SmithNJ",0,"7/30/2007","House","Ingroup",1,0.0144
"4949",1860,"Russia","SmithNJ",0,"5/12/1999","House Hearings","Ingroup",1,0.0088
"4961",2153,"Kosovo","SmithOR",0,"5/6/1998","Senate Hearings","Ingroup",5,0.0415
"4965",2160,"Kosovo","SmithOR",0,"6/24/1998","Senate Hearings","Ingroup",1,0.0127
"4971",1644,"Afghanistan","SmithTX",0,"9/14/2001","House","Ingroup",2,0.1032
"4973",1543,"Iraq","SmithTX",0,"10/9/2002","House","Ingroup",1,0.04
"4980",202,"Kosovo","Snowe",0,"2/23/1999","Senate","Ingroup",4,0.0437
"4984",1255,"Iraq","Souder",0,"10/9/2002","House","Ingroup",1,0.0183
"4992",365,"Iraq","Specter",0,"10/7/2002","Senate","Ingroup",1,0.0118
"4996",408,"Iraq","Specter",0,"10/10/2002","Senate","Ingroup",3,0.0087
"5000",438,"Syria","Specter",0,"11/11/2003","Senate","Ingroup",1,0.0046
"5003",425,"Iraq","Specter",0,"2/12/1998","Senate","Ingroup",1,0.0079
"5007",440,"Kosovo","Specter",0,"2/23/1999","Senate","Ingroup",4,0.0723
"5011",232,"Kosovo","Specter",0,"3/19/1999","Senate","Ingroup",2,0.0175
"5014",248,"Kosovo","Specter",0,"3/22/1999","Senate","Ingroup",1,0.0041
"5020",1735,"Afghanistan","Stearns",0,"9/14/2001","House","Ingroup",1,0.0434
"5023",1256,"Iraq","Stearns",0,"10/9/2002","House","Ingroup",3,0.0484
"5027",1119,"North Korea","Stearns",0,"3/14/2006","House","Ingroup",1,0.015
"5028",1120,"Iran","Stearns",0,"6/24/2009","House","Ingroup",1,0.0708
"5031",1748,"Afghanistan","Stump",0,"9/14/2001","House","Ingroup",1,0.0352
"5034",1546,"Iraq","Sununu",0,"10/9/2002","House","Ingroup",1,0.0219
"5035",2409,"Sudan","Sununu",0,"4/11/2007","Senate Hearings","Ingroup",1,0.0357
"5040",1122,"Iran","Tancredo",0,"5/2/2002","House","Ingroup",2,0.0095
"5044",1123,"Sudan","Tancredo",0,"7/12/2004","House","Ingroup",1,0.0029
"5049",826,"Sudan","Tancredo",0,"7/21/2004","House","Ingroup",3,0.0337
"5056",1909,"Sudan","Tancredo",0,"6/22/2005","House Hearings","Ingroup",2,0.045
"5061",548,"Sudan","Tancredo",0,"4/5/2006","House","Ingroup",2,0.033
"5067",1402,"Iran","Tancredo",0,"3/6/2007","House Hearings","Ingroup",2,0.0224
"5074",1438,"Iraq","Tauzin",0,"10/10/2002","House","Ingroup",1,0.0263
"5085",525,"Iraq","Thompson",0,"10/9/2002","Senate","Ingroup",7,0.03
"5089",1640,"Afghanistan","Thune",0,"9/14/2001","House","Ingroup",1,0.0517
"5092",1428,"Iraq","Thune",0,"10/10/2002","House","Ingroup",1,0.0182
"5095",444,"Iraq","Thurmond",0,"9/8/1998","Senate","Ingroup",1,0.0201
"5099",1548,"Iraq","Tiahrt",0,"10/9/2002","House","Ingroup",2,0.0285
"5103",1763,"Iran","TurnerOH",0,"9/15/2009","House","Ingroup",8,0.02
"5110",1553,"Iraq","Vitter",0,"10/9/2002","House","Ingroup",1,0.0405
"5114",2059,"Iran","Voinovich",0,"3/29/2007","Senate Hearings","Ingroup",1,0.0122
"5116",2312,"Russia","Voinovich",0,"9/17/2008","Senate Hearings","Ingroup",1,0.0093
"5120",1127,"Syria","Walberg",0,"6/23/2011","House","Ingroup",1,0.0226
"5123",1554,"Iraq","Walsh",0,"10/9/2002","House","Ingroup",1,0.0134
"5125",282,"Iraq","Warner",0,"10/2/2002","Senate","Ingroup",2,0.0629
"5128",356,"Iraq","Warner",0,"10/7/2002","Senate","Ingroup",16,0.0378
"5130",368,"Iraq","Warner",0,"10/8/2002","Senate","Ingroup",7,0.03
"5135",407,"Iraq","Warner",0,"10/10/2002","Senate","Ingroup",4,0.0279
"5139",447,"Kosovo","Warner",0,"10/2/1998","Senate","Ingroup",6,0.0264
"5143",449,"Kosovo","Warner",0,"10/8/1998","Senate","Ingroup",8,0.0341
"5146",450,"Kosovo","Warner",0,"10/19/1998","Senate","Ingroup",3,0.0286
"5150",446,"Kosovo","Warner",0,"1/19/1999","Senate","Ingroup",1,0.0173
"5153",249,"Kosovo","Warner",0,"3/22/1999","Senate","Ingroup",3,0.0217
"5155",292,"Kosovo","Warner",0,"3/23/1999","Senate","Ingroup",4,0.0416
"5159",1318,"Iraq","WeldonPA",0,"10/10/2002","House","Ingroup",2,0.0374
"5163",1448,"Iraq","Weller",0,"10/10/2002","House","Ingroup",1,0.0315
"5167",1025,"Libya","West",0,"6/3/2011","House","Ingroup",2,0.0162
"5177",437,"Russia","Wicker",0,"1/5/2011","Senate","Ingroup",1,0.0096
"5181",47,"Russia","Wicker",0,"2/16/2012","Senate","Ingroup",1,0.0081
"5183",810,"Iraq","WilsonSC",0,"9/4/2002","House","Ingroup",1,0.0622
"5185",1132,"Iran","WilsonSC",0,"2/14/2006","House","Ingroup",1,0.0552
"5190",1134,"Sudan","Wolf",0,"5/5/2004","House","Ingroup",2,0.0346
"5195",805,"Sudan","Wolf",0,"7/19/2004","House","Ingroup",4,0.0677
"5200",864,"Sudan","Wolf",0,"7/30/2007","House","Ingroup",1,0.0138
"5203",1263,"Iraq","YoungFL",0,"10/9/2002","House","Ingroup",1,0.0085
"5207",1030,"Libya","YoungFL",0,"6/3/2011","House","Ingroup",2,0.0382
